mod_id	version	artifact	artifact_sha256	source	subject	content
binnie-botany	2.6.32	binnie-mods-2.6.32.jar	5eb7ec5500ca846944f0e547706eb3735d5fe9996176fca57f97c178a872325b	binnie.botany.genetics.EnumFlowerColor.setupMutations	AQUAMARINE	KHAKI + CYAN -> AQUAMARINE (90%); LEMON_CHIFFON + CYAN -> AQUAMARINE (95%); PALE_GREEN + CYAN -> AQUAMARINE (100%); PALE_GREEN + LAVENDER -> AQUAMARINE (90%); PALE_GREEN + MEDIUM_AQUAMARINE -> AQUAMARINE (110%); PALE_TURQUOISE + PALE_GREEN -> AQUAMARINE (100%); SPRING_GREEN + CYAN -> AQUAMARINE (100%); SPRING_GREEN + LAVENDER -> AQUAMARINE (90%); SPRING_GREEN + LIGHT_GRAY -> AQUAMARINE (95%); SPRING_GREEN + MISTY_ROSE -> AQUAMARINE (80%); SPRING_GREEN + PALE_TURQUOISE -> AQUAMARINE (100%); SPRING_GREEN + SKY_BLUE -> AQUAMARINE (85%); TURQUOISE + LEMON_CHIFFON -> AQUAMARINE (100%); TURQUOISE + PALE_GREEN -> AQUAMARINE (105%); TURQUOISE + SPRING_GREEN -> AQUAMARINE (105%); WHITE + PALE_GREEN -> AQUAMARINE (100%); WHITE + SPRING_GREEN -> AQUAMARINE (95%)
binnie-botany	2.6.32	binnie-mods-2.6.32.jar	5eb7ec5500ca846944f0e547706eb3735d5fe9996176fca57f97c178a872325b	binnie.botany.genetics.EnumFlowerColor.setupMutations	BLUE	ROYAL_BLUE + DARK_VIOLET -> BLUE (105%); SLATE_BLUE + DARK_VIOLET -> BLUE (115%)
binnie-botany	2.6.32	binnie-mods-2.6.32.jar	5eb7ec5500ca846944f0e547706eb3735d5fe9996176fca57f97c178a872325b	binnie.botany.genetics.EnumFlowerColor.setupMutations	BROWN	DARK_OLIVE_GREEN + CRIMSON -> BROWN (70%); DARK_SLATE_BLUE + CHOCOLATE -> BROWN (75%); DARK_SLATE_GRAY + CRIMSON -> BROWN (80%); DIM_GRAY + CRIMSON -> BROWN (100%); INDIAN_RED + CRIMSON -> BROWN (115%); INDIGO + DARK_GOLDENROD -> BROWN (55%); INDIGO + DARK_ORANGE -> BROWN (55%); INDIGO + GOLDENROD -> BROWN (45%); MAROON + CRIMSON -> BROWN (105%); MAROON + DARK_GRAY -> BROWN (75%); MAROON + DARK_SALMON -> BROWN (80%); MAROON + DIM_GRAY -> BROWN (95%); MAROON + GRAY -> BROWN (90%); MAROON + INDIAN_RED -> BROWN (100%); MEDIUM_VIOLET_RED + MAROON -> BROWN (95%); NAVY + DARK_ORANGE -> BROWN (50%); OLIVE + MEDIUM_VIOLET_RED -> BROWN (60%); OLIVE_DRAB + MEDIUM_VIOLET_RED -> BROWN (50%); PALE_VIOLET_RED + MAROON -> BROWN (90%); PURPLE + CHOCOLATE -> BROWN (75%); PURPLE + DARK_GOLDENROD -> BROWN (60%); PURPLE + OLIVE -> BROWN (55%); RED + DARK_OLIVE_GREEN -> BROWN (70%); RED + DARK_SLATE_BLUE -> BROWN (80%); RED + DARK_SLATE_GRAY -> BROWN (75%); RED + DIM_GRAY -> BROWN (95%); RED + INDIGO -> BROWN (75%); RED + MAROON -> BROWN (100%); ROSY_BROWN + MAROON -> BROWN (85%); SALMON + BLACK -> BROWN (65%); SEA_GREEN + CRIMSON -> BROWN (55%); SIENNA + CRIMSON -> BROWN (110%); SIENNA + INDIAN_RED -> BROWN (110%); SIENNA + MAROON -> BROWN (110%); TEAL + RED -> BROWN (70%)
binnie-botany	2.6.32	binnie-mods-2.6.32.jar	5eb7ec5500ca846944f0e547706eb3735d5fe9996176fca57f97c178a872325b	binnie.botany.genetics.EnumFlowerColor.setupMutations	CADET_BLUE	CYAN + BROWN -> CADET_BLUE (50%); DARK_SLATE_BLUE + AQUAMARINE -> CADET_BLUE (60%); DEEP_SKY_BLUE + CHOCOLATE -> CADET_BLUE (70%); DEEP_SKY_BLUE + CORAL -> CADET_BLUE (70%); DEEP_SKY_BLUE + DARK_OLIVE_GREEN -> CADET_BLUE (70%); DEEP_SKY_BLUE + DARK_SALMON -> CADET_BLUE (80%); DIM_GRAY + DARK_TURQUOISE -> CADET_BLUE (90%); DODGER_BLUE + DARK_GOLDENROD -> CADET_BLUE (70%); DODGER_BLUE + DARK_KHAKI -> CADET_BLUE (65%); GOLDENROD + DODGER_BLUE -> CADET_BLUE (65%); GRAY + DARK_TURQUOISE -> CADET_BLUE (95%); GRAY + DEEP_SKY_BLUE -> CADET_BLUE (100%); INDIAN_RED + CYAN -> CADET_BLUE (60%); INDIAN_RED + DARK_TURQUOISE -> CADET_BLUE (65%); LIGHT_SEA_GREEN + DARK_GRAY -> CADET_BLUE (105%); LIGHT_SEA_GREEN + DARK_SALMON -> CADET_BLUE (80%); LIGHT_SEA_GREEN + GRAY -> CADET_BLUE (100%); LIGHT_STEEL_BLUE + DARK_OLIVE_GREEN -> CADET_BLUE (80%); MEDIUM_AQUAMARINE + DIM_GRAY -> CADET_BLUE (90%); MEDIUM_AQUAMARINE + GRAY -> CADET_BLUE (95%); MEDIUM_PURPLE + LIME_GREEN -> CADET_BLUE (65%); MEDIUM_SEA_GREEN + DODGER_BLUE -> CADET_BLUE (75%); OLIVE_DRAB + DODGER_BLUE -> CADET_BLUE (65%); PALE_GREEN + DARK_SLATE_BLUE -> CADET_BLUE (55%); PALE_GREEN + MEDIUM_PURPLE -> CADET_BLUE (65%); PALE_TURQUOISE + DARK_SLATE_GRAY -> CADET_BLUE (75%); PALE_TURQUOISE + DIM_GRAY -> CADET_BLUE (85%); PALE_TURQUOISE + GRAY -> CADET_BLUE (95%); PALE_VIOLET_RED + DARK_TURQUOISE -> CADET_BLUE (60%); PERU + DEEP_SKY_BLUE -> CADET_BLUE (75%); PINK + LIGHT_SEA_GREEN -> CADET_BLUE (70%); PLUM + MEDIUM_SEA_GREEN -> CADET_BLUE (80%); ROSY_BROWN + DARK_TURQUOISE -> CADET_BLUE (80%); ROSY_BROWN + LIGHT_SEA_GREEN -> CADET_BLUE (85%); ROYAL_BLUE + PALE_GREEN -> CADET_BLUE (60%); SALMON + DARK_TURQUOISE -> CADET_BLUE (70%); SANDY_BROWN + DEEP_SKY_BLUE -> CADET_BLUE (75%); SEA_GREEN + DARK_GRAY -> CADET_BLUE (100%); SEA_GREEN + DEEP_SKY_BLUE -> CADET_BLUE (85%); SEA_GREEN + LIGHT_STEEL_BLUE -> CADET_BLUE (90%); SIENNA + DARK_TURQUOISE -> CADET_BLUE (70%); SIENNA + DEEP_SKY_BLUE -> CADET_BLUE (70%); SKY_BLUE + DARK_OLIVE_GREEN -> CADET_BLUE (80%); SKY_BLUE + DARK_SLATE_GRAY -> CADET_BLUE (80%); SKY_BLUE + DIM_GRAY -> CADET_BLUE (90%); SKY_BLUE + GRAY -> CADET_BLUE (100%); SLATE_BLUE + LIME_GREEN -> CADET_BLUE (60%); SLATE_BLUE + PALE_GREEN -> CADET_BLUE (60%); SLATE_GRAY + DARK_SEA_GREEN -> CADET_BLUE (95%); SLATE_GRAY + DARK_TURQUOISE -> CADET_BLUE (100%); SLATE_GRAY + LIGHT_SEA_GREEN -> CADET_BLUE (100%); SLATE_GRAY + MEDIUM_AQUAMARINE -> CADET_BLUE (95%); SLATE_GRAY + SKY_BLUE -> CADET_BLUE (100%); SPRING_GREEN + MEDIUM_ORCHID -> CADET_BLUE (65%); STEEL_BLUE + DARK_KHAKI -> CADET_BLUE (75%); STEEL_BLUE + DARK_SEA_GREEN -> CADET_BLUE (85%); STEEL_BLUE + DARK_TURQUOISE -> CADET_BLUE (100%); STEEL_BLUE + LIGHT_SEA_GREEN -> CADET_BLUE (100%); STEEL_BLUE + MEDIUM_AQUAMARINE -> CADET_BLUE (90%); STEEL_BLUE + MEDIUM_SEA_GREEN -> CADET_BLUE (85%); TAN + DEEP_SKY_BLUE -> CADET_BLUE (85%); TEAL + DARK_GRAY -> CADET_BLUE (100%); TEAL + DARK_SALMON -> CADET_BLUE (80%); TEAL + DEEP_SKY_BLUE -> CADET_BLUE (100%); TEAL + GRAY -> CADET_BLUE (105%); TEAL + LAVENDER -> CADET_BLUE (85%); TEAL + LIGHT_GRAY -> CADET_BLUE (90%); TEAL + LIGHT_SEA_GREEN -> CADET_BLUE (110%); TEAL + LIGHT_STEEL_BLUE -> CADET_BLUE (95%); TEAL + MISTY_ROSE -> CADET_BLUE (75%); TEAL + PINK -> CADET_BLUE (65%); TEAL + ROSY_BROWN -> CADET_BLUE (85%); TEAL + SKY_BLUE -> CADET_BLUE (100%); TEAL + SLATE_GRAY -> CADET_BLUE (105%); TEAL + TAN -> CADET_BLUE (85%); THISTLE + LIGHT_SEA_GREEN -> CADET_BLUE (85%); THISTLE + SEA_GREEN -> CADET_BLUE (85%); THISTLE + TEAL -> CADET_BLUE (80%); TURQUOISE + DARK_SLATE_GRAY -> CADET_BLUE (75%); TURQUOISE + DIM_GRAY -> CADET_BLUE (85%); TURQUOISE + INDIAN_RED -> CADET_BLUE (60%); TURQUOISE + ROSY_BROWN -> CADET_BLUE (80%); TURQUOISE + STEEL_BLUE -> CADET_BLUE (90%); YELLOW_GREEN + ROYAL_BLUE -> CADET_BLUE (55%)
binnie-botany	2.6.32	binnie-mods-2.6.32.jar	5eb7ec5500ca846944f0e547706eb3735d5fe9996176fca57f97c178a872325b	binnie.botany.genetics.EnumFlowerColor.setupMutations	CHOCOLATE	DARK_KHAKI + BROWN -> CHOCOLATE (75%); DARK_ORANGE + BROWN -> CHOCOLATE (85%); GOLD + CRIMSON -> CHOCOLATE (65%); GOLDENROD + BROWN -> CHOCOLATE (80%); GOLDENROD + CRIMSON -> CHOCOLATE (80%); INDIAN_RED + DARK_GOLDENROD -> CHOCOLATE (90%); INDIAN_RED + DARK_ORANGE -> CHOCOLATE (95%); MAROON + GOLD -> CHOCOLATE (55%); MAROON + KHAKI -> CHOCOLATE (55%); ORANGE + BROWN -> CHOCOLATE (80%); ORANGE + CRIMSON -> CHOCOLATE (80%); ORANGE + MAROON -> CHOCOLATE (70%); PALE_VIOLET_RED + DARK_GOLDENROD -> CHOCOLATE (80%); PERU + CORAL -> CHOCOLATE (115%); PERU + INDIAN_RED -> CHOCOLATE (100%); RED + DARK_GOLDENROD -> CHOCOLATE (90%); RED + DARK_KHAKI -> CHOCOLATE (80%); RED + GOLD -> CHOCOLATE (75%); RED + GOLDENROD -> CHOCOLATE (85%); RED + PERU -> CHOCOLATE (105%); SANDY_BROWN + BROWN -> CHOCOLATE (85%); SIENNA + CORAL -> CHOCOLATE (105%); SIENNA + DARK_ORANGE -> CHOCOLATE (100%); SIENNA + DARK_SALMON -> CHOCOLATE (100%); SIENNA + PERU -> CHOCOLATE (105%); YELLOW_GREEN + CRIMSON -> CHOCOLATE (50%); YELLOW_GREEN + RED -> CHOCOLATE (55%)
binnie-botany	2.6.32	binnie-mods-2.6.32.jar	5eb7ec5500ca846944f0e547706eb3735d5fe9996176fca57f97c178a872325b	binnie.botany.genetics.EnumFlowerColor.setupMutations	CORAL	DARK_SALMON + CHOCOLATE -> CORAL (110%); GOLD + DEEP_PINK -> CORAL (55%); HOT_PINK + DARK_ORANGE -> CORAL (80%); MEDIUM_VIOLET_RED + GOLD -> CORAL (50%); ORANGE + HOT_PINK -> CORAL (75%); PALE_VIOLET_RED + DARK_ORANGE -> CORAL (85%); RED + DARK_ORANGE -> CORAL (100%); RED + KHAKI -> CORAL (75%); RED + ORANGE -> CORAL (90%); SALMON + CHOCOLATE -> CORAL (110%); SALMON + DARK_ORANGE -> CORAL (105%); SALMON + DARK_SALMON -> CORAL (120%); SALMON + PERU -> CORAL (105%); SANDY_BROWN + DARK_SALMON -> CORAL (115%); SANDY_BROWN + INDIAN_RED -> CORAL (100%); SANDY_BROWN + RED -> CORAL (100%)
binnie-botany	2.6.32	binnie-mods-2.6.32.jar	5eb7ec5500ca846944f0e547706eb3735d5fe9996176fca57f97c178a872325b	binnie.botany.genetics.EnumFlowerColor.setupMutations	CRIMSON	DEEP_PINK + BROWN -> CRIMSON (100%); INDIAN_RED + BROWN -> CRIMSON (110%); MAROON + DEEP_PINK -> CRIMSON (90%); MAROON + HOT_PINK -> CRIMSON (80%); MEDIUM_VIOLET_RED + CHOCOLATE -> CRIMSON (85%); PURPLE + DARK_ORANGE -> CRIMSON (60%); RED + BROWN -> CRIMSON (110%); RED + DEEP_PINK -> CRIMSON (95%); RED + GRAY -> CRIMSON (95%); RED + INDIAN_RED -> CRIMSON (110%); RED + MEDIUM_VIOLET_RED -> CRIMSON (95%); RED + PALE_VIOLET_RED -> CRIMSON (100%); RED + PURPLE -> CRIMSON (80%); SALMON + MAROON -> CRIMSON (85%); SIENNA + DEEP_PINK -> CRIMSON (90%); SIENNA + MEDIUM_VIOLET_RED -> CRIMSON (95%); SIENNA + RED -> CRIMSON (110%); SLATE_GRAY + RED -> CRIMSON (85%)
binnie-botany	2.6.32	binnie-mods-2.6.32.jar	5eb7ec5500ca846944f0e547706eb3735d5fe9996176fca57f97c178a872325b	binnie.botany.genetics.EnumFlowerColor.setupMutations	CYAN	TURQUOISE + DARK_TURQUOISE -> CYAN (120%); TURQUOISE + PALE_TURQUOISE -> CYAN (115%)
binnie-botany	2.6.32	binnie-mods-2.6.32.jar	5eb7ec5500ca846944f0e547706eb3735d5fe9996176fca57f97c178a872325b	binnie.botany.genetics.EnumFlowerColor.setupMutations	DARK_GOLDENROD	DARK_OLIVE_GREEN + CHOCOLATE -> DARK_GOLDENROD (85%); DARK_ORANGE + CADET_BLUE -> DARK_GOLDENROD (80%); DARK_ORANGE + DARK_OLIVE_GREEN -> DARK_GOLDENROD (80%); DARK_SEA_GREEN + CHOCOLATE -> DARK_GOLDENROD (80%); DARK_SLATE_GRAY + DARK_ORANGE -> DARK_GOLDENROD (70%); GOLDENROD + DARK_KHAKI -> DARK_GOLDENROD (110%); GOLDENROD + DIM_GRAY -> DARK_GOLDENROD (90%); GRAY + GOLDENROD -> DARK_GOLDENROD (95%); OLIVE + CHOCOLATE -> DARK_GOLDENROD (95%); OLIVE + DARK_ORANGE -> DARK_GOLDENROD (95%); OLIVE + DARK_SALMON -> DARK_GOLDENROD (90%); OLIVE + GOLDENROD -> DARK_GOLDENROD (105%); OLIVE_DRAB + CHOCOLATE -> DARK_GOLDENROD (85%); OLIVE_DRAB + CORAL -> DARK_GOLDENROD (75%); OLIVE_DRAB + DARK_ORANGE -> DARK_GOLDENROD (85%); OLIVE_DRAB + DARK_SALMON -> DARK_GOLDENROD (85%); OLIVE_DRAB + INDIAN_RED -> DARK_GOLDENROD (70%); ORANGE + DARK_OLIVE_GREEN -> DARK_GOLDENROD (85%); ORANGE + DARK_SLATE_GRAY -> DARK_GOLDENROD (70%); ORANGE + DIM_GRAY -> DARK_GOLDENROD (85%); ORANGE + GOLDENROD -> DARK_GOLDENROD (120%); ORANGE + GRAY -> DARK_GOLDENROD (90%); ORANGE + OLIVE -> DARK_GOLDENROD (95%); PERU + GOLDENROD -> DARK_GOLDENROD (110%); PERU + OLIVE -> DARK_GOLDENROD (100%); ROSY_BROWN + OLIVE -> DARK_GOLDENROD (90%); SANDY_BROWN + DARK_OLIVE_GREEN -> DARK_GOLDENROD (85%); SANDY_BROWN + OLIVE -> DARK_GOLDENROD (95%); SANDY_BROWN + OLIVE_DRAB -> DARK_GOLDENROD (90%); SIENNA + OLIVE -> DARK_GOLDENROD (95%); SLATE_GRAY + GOLDENROD -> DARK_GOLDENROD (85%); SLATE_GRAY + ORANGE -> DARK_GOLDENROD (85%); STEEL_BLUE + DARK_ORANGE -> DARK_GOLDENROD (75%); YELLOW + MAROON -> DARK_GOLDENROD (45%); YELLOW_GREEN + BROWN -> DARK_GOLDENROD (55%); YELLOW_GREEN + INDIAN_RED -> DARK_GOLDENROD (65%)
binnie-botany	2.6.32	binnie-mods-2.6.32.jar	5eb7ec5500ca846944f0e547706eb3735d5fe9996176fca57f97c178a872325b	binnie.botany.genetics.EnumFlowerColor.setupMutations	DARK_GRAY	DARK_SALMON + CADET_BLUE -> DARK_GRAY (85%); INDIAN_RED + AQUAMARINE -> DARK_GRAY (55%); LAVENDER + DARK_OLIVE_GREEN -> DARK_GRAY (75%); LAVENDER + DARK_SLATE_GRAY -> DARK_GRAY (70%); LAVENDER + DIM_GRAY -> DARK_GRAY (85%); LAVENDER + GRAY -> DARK_GRAY (95%); LEMON_CHIFFON + DARK_SLATE_BLUE -> DARK_GRAY (55%); LEMON_CHIFFON + DIM_GRAY -> DARK_GRAY (80%); LEMON_CHIFFON + GRAY -> DARK_GRAY (90%); LIGHT_GRAY + DIM_GRAY -> DARK_GRAY (95%); LIGHT_GRAY + GRAY -> DARK_GRAY (100%); LIGHT_STEEL_BLUE + GRAY -> DARK_GRAY (105%); MEDIUM_AQUAMARINE + INDIAN_RED -> DARK_GRAY (65%); MISTY_ROSE + DARK_SLATE_GRAY -> DARK_GRAY (65%); MISTY_ROSE + DIM_GRAY -> DARK_GRAY (85%); MISTY_ROSE + GRAY -> DARK_GRAY (95%); PALE_GREEN + MEDIUM_ORCHID -> DARK_GRAY (65%); PALE_VIOLET_RED + AQUAMARINE -> DARK_GRAY (55%); PALE_VIOLET_RED + MEDIUM_AQUAMARINE -> DARK_GRAY (60%); PINK + CADET_BLUE -> DARK_GRAY (80%); PLUM + DARK_SEA_GREEN -> DARK_GRAY (70%); ROSY_BROWN + CADET_BLUE -> DARK_GRAY (90%); ROSY_BROWN + DARK_SEA_GREEN -> DARK_GRAY (85%); ROSY_BROWN + LIGHT_GRAY -> DARK_GRAY (105%); ROSY_BROWN + PALE_TURQUOISE -> DARK_GRAY (85%); ROYAL_BLUE + KHAKI -> DARK_GRAY (55%); SALMON + LIGHT_SEA_GREEN -> DARK_GRAY (70%); SIENNA + PALE_TURQUOISE -> DARK_GRAY (70%); SKY_BLUE + DARK_SALMON -> DARK_GRAY (80%); SKY_BLUE + PERU -> DARK_GRAY (80%); SKY_BLUE + SANDY_BROWN -> DARK_GRAY (85%); SLATE_BLUE + KHAKI -> DARK_GRAY (55%); SLATE_GRAY + LEMON_CHIFFON -> DARK_GRAY (85%); SLATE_GRAY + LIGHT_GRAY -> DARK_GRAY (100%); SLATE_GRAY + LIGHT_STEEL_BLUE -> DARK_GRAY (105%); SLATE_GRAY + MISTY_ROSE -> DARK_GRAY (90%); STEEL_BLUE + SANDY_BROWN -> DARK_GRAY (80%); TAN + GRAY -> DARK_GRAY (100%); TAN + LIGHT_STEEL_BLUE -> DARK_GRAY (100%); TAN + SKY_BLUE -> DARK_GRAY (95%); TAN + SLATE_GRAY -> DARK_GRAY (95%); TAN + STEEL_BLUE -> DARK_GRAY (85%); THISTLE + DARK_OLIVE_GREEN -> DARK_GRAY (75%); THISTLE + DARK_SEA_GREEN -> DARK_GRAY (85%); THISTLE + DIM_GRAY -> DARK_GRAY (90%); THISTLE + GRAY -> DARK_GRAY (100%); THISTLE + SLATE_GRAY -> DARK_GRAY (100%); TURQUOISE + PALE_VIOLET_RED -> DARK_GRAY (60%); TURQUOISE + SALMON -> DARK_GRAY (65%); VIOLET + MEDIUM_SEA_GREEN -> DARK_GRAY (75%); WHEAT + DARK_SLATE_GRAY -> DARK_GRAY (70%); WHEAT + SLATE_GRAY -> DARK_GRAY (90%); WHEAT + STEEL_BLUE -> DARK_GRAY (75%); WHITE + DARK_SLATE_GRAY -> DARK_GRAY (70%); WHITE + DIM_GRAY -> DARK_GRAY (85%); YELLOW_GREEN + MEDIUM_PURPLE -> DARK_GRAY (45%)
binnie-botany	2.6.32	binnie-mods-2.6.32.jar	5eb7ec5500ca846944f0e547706eb3735d5fe9996176fca57f97c178a872325b	binnie.botany.genetics.EnumFlowerColor.setupMutations	DARK_GREEN	GREEN + BLACK -> DARK_GREEN (85%); GREEN + DARK_OLIVE_GREEN -> DARK_GREEN (115%); GREEN + DARK_SLATE_GRAY -> DARK_GREEN (95%); GREEN + DIM_GRAY -> DARK_GREEN (100%); LIME_GREEN + BLACK -> DARK_GREEN (55%); MEDIUM_SEA_GREEN + BLACK -> DARK_GREEN (65%); SEA_GREEN + GREEN -> DARK_GREEN (115%)
binnie-botany	2.6.32	binnie-mods-2.6.32.jar	5eb7ec5500ca846944f0e547706eb3735d5fe9996176fca57f97c178a872325b	binnie.botany.genetics.EnumFlowerColor.setupMutations	DARK_KHAKI	CHOCOLATE + AQUAMARINE -> DARK_KHAKI (65%); CORAL + AQUAMARINE -> DARK_KHAKI (65%); DARK_GRAY + DARK_GOLDENROD -> DARK_KHAKI (100%); DARK_ORANGE + AQUAMARINE -> DARK_KHAKI (70%); DARK_SEA_GREEN + DARK_GOLDENROD -> DARK_KHAKI (95%); GOLD + CADET_BLUE -> DARK_KHAKI (85%); GOLD + DARK_GRAY -> DARK_KHAKI (95%); GOLD + DARK_OLIVE_GREEN -> DARK_KHAKI (85%); GOLD + DARK_SEA_GREEN -> DARK_KHAKI (95%); GOLD + DIM_GRAY -> DARK_KHAKI (80%); GOLDENROD + CADET_BLUE -> DARK_KHAKI (90%); GOLDENROD + DARK_GRAY -> DARK_KHAKI (100%); GOLDENROD + DARK_SEA_GREEN -> DARK_KHAKI (95%); GRAY + GOLD -> DARK_KHAKI (85%); KHAKI + DARK_GRAY -> DARK_KHAKI (100%); KHAKI + DARK_OLIVE_GREEN -> DARK_KHAKI (85%); KHAKI + DARK_SEA_GREEN -> DARK_KHAKI (105%); KHAKI + DIM_GRAY -> DARK_KHAKI (85%); KHAKI + GRAY -> DARK_KHAKI (90%); LEMON_CHIFFON + DARK_GOLDENROD -> DARK_KHAKI (95%); LEMON_CHIFFON + DARK_OLIVE_GREEN -> DARK_KHAKI (80%); LIGHT_GRAY + GOLDENROD -> DARK_KHAKI (100%); LIGHT_STEEL_BLUE + DARK_GOLDENROD -> DARK_KHAKI (85%); LIGHT_STEEL_BLUE + GOLDENROD -> DARK_KHAKI (85%); LIME_GREEN + CORAL -> DARK_KHAKI (60%); MEDIUM_AQUAMARINE + CHOCOLATE -> DARK_KHAKI (75%); MEDIUM_AQUAMARINE + DARK_ORANGE -> DARK_KHAKI (75%); MEDIUM_AQUAMARINE + GOLDENROD -> DARK_KHAKI (90%); MEDIUM_SEA_GREEN + CORAL -> DARK_KHAKI (65%); MEDIUM_SEA_GREEN + DARK_ORANGE -> DARK_KHAKI (75%); MISTY_ROSE + DARK_OLIVE_GREEN -> DARK_KHAKI (75%); OLIVE + KHAKI -> DARK_KHAKI (95%); OLIVE + LAVENDER -> DARK_KHAKI (75%); OLIVE + LEMON_CHIFFON -> DARK_KHAKI (90%); OLIVE + LIGHT_GRAY -> DARK_KHAKI (90%); OLIVE + LIGHT_STEEL_BLUE -> DARK_KHAKI (80%); OLIVE + MISTY_ROSE -> DARK_KHAKI (85%); OLIVE_DRAB + GOLD -> DARK_KHAKI (95%); OLIVE_DRAB + KHAKI -> DARK_KHAKI (100%); OLIVE_DRAB + LEMON_CHIFFON -> DARK_KHAKI (90%); OLIVE_DRAB + MISTY_ROSE -> DARK_KHAKI (80%); ORANGE + CADET_BLUE -> DARK_KHAKI (85%); ORANGE + DARK_SEA_GREEN -> DARK_KHAKI (90%); ORANGE + LIGHT_SEA_GREEN -> DARK_KHAKI (80%); ORANGE + MEDIUM_AQUAMARINE -> DARK_KHAKI (80%); ORANGE + MEDIUM_SEA_GREEN -> DARK_KHAKI (80%); PALE_GREEN + BROWN -> DARK_KHAKI (45%); PALE_GREEN + CHOCOLATE -> DARK_KHAKI (65%); PALE_GREEN + CORAL -> DARK_KHAKI (65%); PALE_GREEN + DARK_ORANGE -> DARK_KHAKI (75%); PALE_GREEN + DARK_SALMON -> DARK_KHAKI (75%); PALE_GREEN + INDIAN_RED -> DARK_KHAKI (55%); PALE_TURQUOISE + DARK_GOLDENROD -> DARK_KHAKI (85%); PALE_TURQUOISE + DARK_ORANGE -> DARK_KHAKI (80%); PALE_TURQUOISE + GOLDENROD -> DARK_KHAKI (85%); PALE_TURQUOISE + ORANGE -> DARK_KHAKI (85%); PALE_VIOLET_RED + PALE_GREEN -> DARK_KHAKI (55%); PERU + DARK_SEA_GREEN -> DARK_KHAKI (90%); PERU + PALE_GREEN -> DARK_KHAKI (80%); PERU + PALE_TURQUOISE -> DARK_KHAKI (85%); PINK + OLIVE_DRAB -> DARK_KHAKI (75%); ROYAL_BLUE + GOLD -> DARK_KHAKI (50%); SALMON + AQUAMARINE -> DARK_KHAKI (60%); SALMON + LIME_GREEN -> DARK_KHAKI (55%); SALMON + MEDIUM_SEA_GREEN -> DARK_KHAKI (65%); SALMON + PALE_GREEN -> DARK_KHAKI (60%); SANDY_BROWN + DARK_SEA_GREEN -> DARK_KHAKI (90%); SANDY_BROWN + MEDIUM_AQUAMARINE -> DARK_KHAKI (85%); SANDY_BROWN + MEDIUM_SEA_GREEN -> DARK_KHAKI (80%); SANDY_BROWN + PALE_GREEN -> DARK_KHAKI (80%); SIENNA + PALE_GREEN -> DARK_KHAKI (65%); SKY_BLUE + GOLD -> DARK_KHAKI (75%); SKY_BLUE + GOLDENROD -> DARK_KHAKI (80%); SKY_BLUE + ORANGE -> DARK_KHAKI (80%); SLATE_GRAY + GOLD -> DARK_KHAKI (75%); SLATE_GRAY + KHAKI -> DARK_KHAKI (80%); STEEL_BLUE + GOLD -> DARK_KHAKI (60%); STEEL_BLUE + ORANGE -> DARK_KHAKI (75%); TAN + DARK_SEA_GREEN -> DARK_KHAKI (105%); TAN + GOLDENROD -> DARK_KHAKI (110%); TAN + OLIVE -> DARK_KHAKI (100%); TAN + OLIVE_DRAB -> DARK_KHAKI (100%); THISTLE + OLIVE -> DARK_KHAKI (75%); THISTLE + OLIVE_DRAB -> DARK_KHAKI (75%); TURQUOISE + DARK_ORANGE -> DARK_KHAKI (75%); WHEAT + DARK_OLIVE_GREEN -> DARK_KHAKI (85%); WHEAT + DARK_SEA_GREEN -> DARK_KHAKI (105%); WHEAT + GOLDENROD -> DARK_KHAKI (105%); WHEAT + OLIVE -> DARK_KHAKI (95%); WHEAT + OLIVE_DRAB -> DARK_KHAKI (95%); WHEAT + TAN -> DARK_KHAKI (115%); WHITE + OLIVE -> DARK_KHAKI (85%); YELLOW + DARK_SLATE_GRAY -> DARK_KHAKI (60%); YELLOW + DIM_GRAY -> DARK_KHAKI (75%); YELLOW + GRAY -> DARK_KHAKI (80%); YELLOW + OLIVE -> DARK_KHAKI (90%); YELLOW + SLATE_GRAY -> DARK_KHAKI (70%); YELLOW_GREEN + DARK_GOLDENROD -> DARK_KHAKI (95%); YELLOW_GREEN + DARK_GRAY -> DARK_KHAKI (100%); YELLOW_GREEN + DARK_SALMON -> DARK_KHAKI (80%); YELLOW_GREEN + GOLDENROD -> DARK_KHAKI (100%); YELLOW_GREEN + KHAKI -> DARK_KHAKI (110%); YELLOW_GREEN + LIGHT_GRAY -> DARK_KHAKI (100%); YELLOW_GREEN + PERU -> DARK_KHAKI (90%); YELLOW_GREEN + PINK -> DARK_KHAKI (75%); YELLOW_GREEN + PLUM -> DARK_KHAKI (55%); YELLOW_GREEN + ROSY_BROWN -> DARK_KHAKI (80%); YELLOW_GREEN + SANDY_BROWN -> DARK_KHAKI (90%); YELLOW_GREEN + TAN -> DARK_KHAKI (100%); YELLOW_GREEN + THISTLE -> DARK_KHAKI (75%)
binnie-botany	2.6.32	binnie-mods-2.6.32.jar	5eb7ec5500ca846944f0e547706eb3735d5fe9996176fca57f97c178a872325b	binnie.botany.genetics.EnumFlowerColor.setupMutations	DARK_OLIVE_GREEN	DARK_GREEN + CHOCOLATE -> DARK_OLIVE_GREEN (70%); DARK_GREEN + DARK_GOLDENROD -> DARK_OLIVE_GREEN (85%); DARK_KHAKI + BLACK -> DARK_OLIVE_GREEN (60%); DARK_SEA_GREEN + BLACK -> DARK_OLIVE_GREEN (60%); DARK_SLATE_GRAY + DARK_GOLDENROD -> DARK_OLIVE_GREEN (85%); DARK_SLATE_GRAY + DARK_GREEN -> DARK_OLIVE_GREEN (100%); DARK_SLATE_GRAY + DARK_KHAKI -> DARK_OLIVE_GREEN (75%); DIM_GRAY + DARK_GREEN -> DARK_OLIVE_GREEN (100%); GRAY + DARK_GREEN -> DARK_OLIVE_GREEN (95%); GREEN + BROWN -> DARK_OLIVE_GREEN (60%); GREEN + DARK_GREEN -> DARK_OLIVE_GREEN (120%); INDIAN_RED + DARK_GREEN -> DARK_OLIVE_GREEN (60%); INDIAN_RED + GREEN -> DARK_OLIVE_GREEN (60%); LIME_GREEN + BROWN -> DARK_OLIVE_GREEN (45%); MEDIUM_SEA_GREEN + BROWN -> DARK_OLIVE_GREEN (55%); MEDIUM_SEA_GREEN + MAROON -> DARK_OLIVE_GREEN (50%); OLIVE + DARK_SLATE_GRAY -> DARK_OLIVE_GREEN (90%); OLIVE + DIM_GRAY -> DARK_OLIVE_GREEN (100%); OLIVE_DRAB + BLACK -> DARK_OLIVE_GREEN (75%); OLIVE_DRAB + DARK_SLATE_GRAY -> DARK_OLIVE_GREEN (90%); OLIVE_DRAB + DIM_GRAY -> DARK_OLIVE_GREEN (100%); OLIVE_DRAB + GRAY -> DARK_OLIVE_GREEN (100%); PALE_VIOLET_RED + DARK_GREEN -> DARK_OLIVE_GREEN (55%); PALE_VIOLET_RED + GREEN -> DARK_OLIVE_GREEN (55%); PERU + DARK_GREEN -> DARK_OLIVE_GREEN (80%); ROSY_BROWN + DARK_GREEN -> DARK_OLIVE_GREEN (75%); SIENNA + DARK_GREEN -> DARK_OLIVE_GREEN (80%); SIENNA + GREEN -> DARK_OLIVE_GREEN (75%); SIENNA + MEDIUM_SEA_GREEN -> DARK_OLIVE_GREEN (70%); SIENNA + SEA_GREEN -> DARK_OLIVE_GREEN (80%); TEAL + CHOCOLATE -> DARK_OLIVE_GREEN (80%); TEAL + SIENNA -> DARK_OLIVE_GREEN (80%); YELLOW_GREEN + BLACK -> DARK_OLIVE_GREEN (55%)
binnie-botany	2.6.32	binnie-mods-2.6.32.jar	5eb7ec5500ca846944f0e547706eb3735d5fe9996176fca57f97c178a872325b	binnie.botany.genetics.EnumFlowerColor.setupMutations	DARK_ORANGE	GOLDENROD + CORAL -> DARK_ORANGE (100%); ORANGE + CHOCOLATE -> DARK_ORANGE (105%); ORANGE + CORAL -> DARK_ORANGE (105%); PERU + CHOCOLATE -> DARK_ORANGE (120%); PERU + ORANGE -> DARK_ORANGE (115%); SALMON + ORANGE -> DARK_ORANGE (95%); SANDY_BROWN + ORANGE -> DARK_ORANGE (115%); SANDY_BROWN + PERU -> DARK_ORANGE (115%); YELLOW + CRIMSON -> DARK_ORANGE (55%); YELLOW + RED -> DARK_ORANGE (60%)
binnie-botany	2.6.32	binnie-mods-2.6.32.jar	5eb7ec5500ca846944f0e547706eb3735d5fe9996176fca57f97c178a872325b	binnie.botany.genetics.EnumFlowerColor.setupMutations	DARK_SALMON	DARK_GRAY + CORAL -> DARK_SALMON (100%); GRAY + CORAL -> DARK_SALMON (95%); HOT_PINK + GOLDENROD -> DARK_SALMON (70%); KHAKI + HOT_PINK -> DARK_SALMON (65%); LAVENDER + CHOCOLATE -> DARK_SALMON (85%); LAVENDER + CORAL -> DARK_SALMON (90%); LEMON_CHIFFON + BROWN -> DARK_SALMON (65%); LEMON_CHIFFON + INDIAN_RED -> DARK_SALMON (80%); LIGHT_GRAY + CORAL -> DARK_SALMON (95%); LIGHT_STEEL_BLUE + CHOCOLATE -> DARK_SALMON (85%); MAROON + LEMON_CHIFFON -> DARK_SALMON (55%); MEDIUM_PURPLE + DARK_ORANGE -> DARK_SALMON (70%); MISTY_ROSE + CHOCOLATE -> DARK_SALMON (90%); MISTY_ROSE + CORAL -> DARK_SALMON (100%); ORANGE + MEDIUM_PURPLE -> DARK_SALMON (65%); PALE_VIOLET_RED + DARK_KHAKI -> DARK_SALMON (75%); PALE_VIOLET_RED + KHAKI -> DARK_SALMON (70%); PINK + CHOCOLATE -> DARK_SALMON (90%); PINK + CORAL -> DARK_SALMON (100%); PINK + PERU -> DARK_SALMON (95%); PLUM + DARK_GOLDENROD -> DARK_SALMON (75%); PLUM + DARK_ORANGE -> DARK_SALMON (80%); PLUM + GOLDENROD -> DARK_SALMON (75%); RED + AQUAMARINE -> DARK_SALMON (50%); ROSY_BROWN + CORAL -> DARK_SALMON (105%); ROSY_BROWN + PERU -> DARK_SALMON (105%); SALMON + CORAL -> DARK_SALMON (120%); SALMON + INDIAN_RED -> DARK_SALMON (115%); SALMON + LEMON_CHIFFON -> DARK_SALMON (85%); SALMON + LIGHT_GRAY -> DARK_SALMON (100%); SALMON + PINK -> DARK_SALMON (110%); SALMON + ROSY_BROWN -> DARK_SALMON (110%); SANDY_BROWN + CORAL -> DARK_SALMON (115%); SANDY_BROWN + PINK -> DARK_SALMON (100%); SANDY_BROWN + PLUM -> DARK_SALMON (85%); SANDY_BROWN + ROSY_BROWN -> DARK_SALMON (105%); SANDY_BROWN + SALMON -> DARK_SALMON (105%); SIENNA + MISTY_ROSE -> DARK_SALMON (85%); SIENNA + PINK -> DARK_SALMON (90%); SLATE_BLUE + ORANGE -> DARK_SALMON (60%); TAN + CORAL -> DARK_SALMON (105%); TAN + INDIAN_RED -> DARK_SALMON (95%); TAN + PINK -> DARK_SALMON (100%); TAN + ROSY_BROWN -> DARK_SALMON (105%); TAN + SALMON -> DARK_SALMON (100%); THISTLE + CHOCOLATE -> DARK_SALMON (90%); THISTLE + CORAL -> DARK_SALMON (95%); THISTLE + PERU -> DARK_SALMON (90%); THISTLE + SANDY_BROWN -> DARK_SALMON (95%); VIOLET + GOLDENROD -> DARK_SALMON (65%); VIOLET + ORANGE -> DARK_SALMON (65%); WHEAT + BROWN -> DARK_SALMON (75%); WHEAT + INDIAN_RED -> DARK_SALMON (85%); WHEAT + SALMON -> DARK_SALMON (95%); WHITE + CORAL -> DARK_SALMON (90%); WHITE + SIENNA -> DARK_SALMON (75%)
binnie-botany	2.6.32	binnie-mods-2.6.32.jar	5eb7ec5500ca846944f0e547706eb3735d5fe9996176fca57f97c178a872325b	binnie.botany.genetics.EnumFlowerColor.setupMutations	DARK_SEA_GREEN	DARK_GOLDENROD + AQUAMARINE -> DARK_SEA_GREEN (80%); DARK_KHAKI + AQUAMARINE -> DARK_SEA_GREEN (100%); DARK_KHAKI + CADET_BLUE -> DARK_SEA_GREEN (95%); DARK_ORANGE + CYAN -> DARK_SEA_GREEN (70%); DARK_SALMON + AQUAMARINE -> DARK_SEA_GREEN (75%); DARK_TURQUOISE + CORAL -> DARK_SEA_GREEN (70%); DARK_TURQUOISE + DARK_ORANGE -> DARK_SEA_GREEN (75%); DEEP_SKY_BLUE + DARK_ORANGE -> DARK_SEA_GREEN (70%); GOLD + DEEP_SKY_BLUE -> DARK_SEA_GREEN (65%); GOLD + DODGER_BLUE -> DARK_SEA_GREEN (60%); GOLDENROD + DEEP_SKY_BLUE -> DARK_SEA_GREEN (70%); KHAKI + CADET_BLUE -> DARK_SEA_GREEN (90%); KHAKI + DARK_SLATE_GRAY -> DARK_SEA_GREEN (65%); LAVENDER + DARK_GREEN -> DARK_SEA_GREEN (65%); LAVENDER + GREEN -> DARK_SEA_GREEN (75%); LEMON_CHIFFON + CADET_BLUE -> DARK_SEA_GREEN (90%); LEMON_CHIFFON + DARK_GREEN -> DARK_SEA_GREEN (75%); LEMON_CHIFFON + DARK_SLATE_GRAY -> DARK_SEA_GREEN (65%); LEMON_CHIFFON + GREEN -> DARK_SEA_GREEN (80%); LIGHT_GRAY + DARK_OLIVE_GREEN -> DARK_SEA_GREEN (85%); LIGHT_SEA_GREEN + DARK_KHAKI -> DARK_SEA_GREEN (95%); LIGHT_SEA_GREEN + GOLDENROD -> DARK_SEA_GREEN (85%); LIGHT_SEA_GREEN + KHAKI -> DARK_SEA_GREEN (90%); LIGHT_STEEL_BLUE + DARK_KHAKI -> DARK_SEA_GREEN (90%); LIME_GREEN + LAVENDER -> DARK_SEA_GREEN (85%); LIME_GREEN + LIGHT_GRAY -> DARK_SEA_GREEN (95%); LIME_GREEN + LIGHT_STEEL_BLUE -> DARK_SEA_GREEN (85%); MEDIUM_AQUAMARINE + DARK_GOLDENROD -> DARK_SEA_GREEN (85%); MEDIUM_AQUAMARINE + DARK_GRAY -> DARK_SEA_GREEN (100%); MEDIUM_AQUAMARINE + DARK_KHAKI -> DARK_SEA_GREEN (105%); MEDIUM_AQUAMARINE + DARK_SALMON -> DARK_SEA_GREEN (80%); MEDIUM_AQUAMARINE + KHAKI -> DARK_SEA_GREEN (100%); MEDIUM_AQUAMARINE + LEMON_CHIFFON -> DARK_SEA_GREEN (100%); MEDIUM_SEA_GREEN + DARK_GRAY -> DARK_SEA_GREEN (100%); MEDIUM_SEA_GREEN + DARK_KHAKI -> DARK_SEA_GREEN (105%); MEDIUM_SEA_GREEN + DARK_SALMON -> DARK_SEA_GREEN (75%); MEDIUM_SEA_GREEN + KHAKI -> DARK_SEA_GREEN (95%); MEDIUM_SEA_GREEN + LEMON_CHIFFON -> DARK_SEA_GREEN (95%); MEDIUM_SEA_GREEN + MEDIUM_AQUAMARINE -> DARK_SEA_GREEN (115%); MISTY_ROSE + DARK_GREEN -> DARK_SEA_GREEN (65%); MISTY_ROSE + GREEN -> DARK_SEA_GREEN (70%); MISTY_ROSE + MEDIUM_SEA_GREEN -> DARK_SEA_GREEN (85%); OLIVE + AQUAMARINE -> DARK_SEA_GREEN (85%); OLIVE_DRAB + AQUAMARINE -> DARK_SEA_GREEN (90%); OLIVE_DRAB + DARK_GRAY -> DARK_SEA_GREEN (100%); OLIVE_DRAB + LAVENDER -> DARK_SEA_GREEN (80%); OLIVE_DRAB + LIGHT_GRAY -> DARK_SEA_GREEN (90%); OLIVE_DRAB + LIGHT_STEEL_BLUE -> DARK_SEA_GREEN (80%); ORANGE + CYAN -> DARK_SEA_GREEN (75%); ORANGE + DARK_TURQUOISE -> DARK_SEA_GREEN (80%); ORANGE + DEEP_SKY_BLUE -> DARK_SEA_GREEN (70%); ORANGE + DODGER_BLUE -> DARK_SEA_GREEN (65%); PALE_GREEN + DARK_GRAY -> DARK_SEA_GREEN (95%); PALE_GREEN + DARK_OLIVE_GREEN -> DARK_SEA_GREEN (85%); PALE_GREEN + DIM_GRAY -> DARK_SEA_GREEN (80%); PALE_GREEN + GRAY -> DARK_SEA_GREEN (90%); PALE_GREEN + LIGHT_GRAY -> DARK_SEA_GREEN (100%); PALE_TURQUOISE + DARK_KHAKI -> DARK_SEA_GREEN (95%); PALE_TURQUOISE + DARK_OLIVE_GREEN -> DARK_SEA_GREEN (80%); PALE_TURQUOISE + OLIVE -> DARK_SEA_GREEN (85%); PALE_TURQUOISE + OLIVE_DRAB -> DARK_SEA_GREEN (85%); PALE_VIOLET_RED + LIME_GREEN -> DARK_SEA_GREEN (50%); PERU + AQUAMARINE -> DARK_SEA_GREEN (75%); PERU + LIGHT_SEA_GREEN -> DARK_SEA_GREEN (80%); PERU + MEDIUM_AQUAMARINE -> DARK_SEA_GREEN (85%); PINK + GREEN -> DARK_SEA_GREEN (60%); PINK + LIME_GREEN -> DARK_SEA_GREEN (65%); PINK + MEDIUM_SEA_GREEN -> DARK_SEA_GREEN (70%); PLUM + LIME_GREEN -> DARK_SEA_GREEN (50%); PLUM + PALE_GREEN -> DARK_SEA_GREEN (55%); ROSY_BROWN + AQUAMARINE -> DARK_SEA_GREEN (75%); ROSY_BROWN + LIME_GREEN -> DARK_SEA_GREEN (75%); ROSY_BROWN + MEDIUM_AQUAMARINE -> DARK_SEA_GREEN (80%); ROSY_BROWN + MEDIUM_SEA_GREEN -> DARK_SEA_GREEN (80%); ROSY_BROWN + PALE_GREEN -> DARK_SEA_GREEN (75%); SANDY_BROWN + AQUAMARINE -> DARK_SEA_GREEN (80%); SANDY_BROWN + DARK_TURQUOISE -> DARK_SEA_GREEN (80%); SANDY_BROWN + LIGHT_SEA_GREEN -> DARK_SEA_GREEN (80%); SEA_GREEN + DARK_KHAKI -> DARK_SEA_GREEN (100%); SEA_GREEN + KHAKI -> DARK_SEA_GREEN (90%); SEA_GREEN + LEMON_CHIFFON -> DARK_SEA_GREEN (85%); SEA_GREEN + LIGHT_GRAY -> DARK_SEA_GREEN (90%); SEA_GREEN + MISTY_ROSE -> DARK_SEA_GREEN (80%); SEA_GREEN + PINK -> DARK_SEA_GREEN (70%); SIENNA + AQUAMARINE -> DARK_SEA_GREEN (60%); SKY_BLUE + DARK_GOLDENROD -> DARK_SEA_GREEN (80%); SKY_BLUE + DARK_KHAKI -> DARK_SEA_GREEN (85%); SKY_BLUE + KHAKI -> DARK_SEA_GREEN (85%); SKY_BLUE + OLIVE -> DARK_SEA_GREEN (75%); SKY_BLUE + OLIVE_DRAB -> DARK_SEA_GREEN (80%); SLATE_GRAY + PALE_GREEN -> DARK_SEA_GREEN (80%); SPRING_GREEN + CORAL -> DARK_SEA_GREEN (55%); SPRING_GREEN + DARK_SALMON -> DARK_SEA_GREEN (65%); SPRING_GREEN + SALMON -> DARK_SEA_GREEN (50%); STEEL_BLUE + KHAKI -> DARK_SEA_GREEN (70%); TAN + AQUAMARINE -> DARK_SEA_GREEN (95%); TAN + CADET_BLUE -> DARK_SEA_GREEN (95%); TAN + MEDIUM_AQUAMARINE -> DARK_SEA_GREEN (95%); TAN + MEDIUM_SEA_GREEN -> DARK_SEA_GREEN (95%); TAN + PALE_GREEN -> DARK_SEA_GREEN (95%); TAN + SEA_GREEN -> DARK_SEA_GREEN (90%); TEAL + KHAKI -> DARK_SEA_GREEN (80%); THISTLE + LIME_GREEN -> DARK_SEA_GREEN (70%); THISTLE + MEDIUM_SEA_GREEN -> DARK_SEA_GREEN (85%); THISTLE + PALE_GREEN -> DARK_SEA_GREEN (75%); TURQUOISE + CHOCOLATE -> DARK_SEA_GREEN (70%); TURQUOISE + CORAL -> DARK_SEA_GREEN (70%); TURQUOISE + DARK_GOLDENROD -> DARK_SEA_GREEN (80%); TURQUOISE + DARK_SALMON -> DARK_SEA_GREEN (75%); TURQUOISE + GOLDENROD -> DARK_SEA_GREEN (85%); TURQUOISE + PERU -> DARK_SEA_GREEN (80%); TURQUOISE + SANDY_BROWN -> DARK_SEA_GREEN (80%); TURQUOISE + SIENNA -> DARK_SEA_GREEN (65%); WHEAT + CADET_BLUE -> DARK_SEA_GREEN (90%); WHEAT + GREEN -> DARK_SEA_GREEN (85%); WHEAT + MEDIUM_AQUAMARINE -> DARK_SEA_GREEN (100%); WHEAT + MEDIUM_SEA_GREEN -> DARK_SEA_GREEN (95%); WHEAT + SEA_GREEN -> DARK_SEA_GREEN (90%); WHEAT + TEAL -> DARK_SEA_GREEN (80%); WHITE + DARK_GREEN -> DARK_SEA_GREEN (70%); WHITE + DARK_OLIVE_GREEN -> DARK_SEA_GREEN (75%); WHITE + GREEN -> DARK_SEA_GREEN (75%); WHITE + OLIVE_DRAB -> DARK_SEA_GREEN (85%); WHITE + SEA_GREEN -> DARK_SEA_GREEN (85%); YELLOW + DODGER_BLUE -> DARK_SEA_GREEN (45%); YELLOW_GREEN + CADET_BLUE -> DARK_SEA_GREEN (90%); YELLOW_GREEN + LAVENDER -> DARK_SEA_GREEN (85%); YELLOW_GREEN + LIGHT_STEEL_BLUE -> DARK_SEA_GREEN (80%); YELLOW_GREEN + SKY_BLUE -> DARK_SEA_GREEN (80%); YELLOW_GREEN + SLATE_GRAY -> DARK_SEA_GREEN (80%); YELLOW_GREEN + STEEL_BLUE -> DARK_SEA_GREEN (65%)
binnie-botany	2.6.32	binnie-mods-2.6.32.jar	5eb7ec5500ca846944f0e547706eb3735d5fe9996176fca57f97c178a872325b	binnie.botany.genetics.EnumFlowerColor.setupMutations	DARK_SLATE_BLUE	CHOCOLATE + BLUE -> DARK_SLATE_BLUE (65%); DARK_GOLDENROD + BLUE -> DARK_SLATE_BLUE (55%); DARK_GREEN + BLUE -> DARK_SLATE_BLUE (65%); DARK_OLIVE_GREEN + BLUE -> DARK_SLATE_BLUE (50%); DIM_GRAY + BLUE -> DARK_SLATE_BLUE (90%); DODGER_BLUE + BLACK -> DARK_SLATE_BLUE (75%); GOLDENROD + BLUE -> DARK_SLATE_BLUE (45%); GRAY + BLUE -> DARK_SLATE_BLUE (85%); GREEN + BLUE -> DARK_SLATE_BLUE (60%); INDIGO + CADET_BLUE -> DARK_SLATE_BLUE (80%); INDIGO + DARK_SLATE_GRAY -> DARK_SLATE_BLUE (100%); INDIGO + DIM_GRAY -> DARK_SLATE_BLUE (90%); INDIGO + GRAY -> DARK_SLATE_BLUE (85%); MAROON + DODGER_BLUE -> DARK_SLATE_BLUE (70%); MEDIUM_ORCHID + DARK_SLATE_GRAY -> DARK_SLATE_BLUE (95%); MEDIUM_PURPLE + BLACK -> DARK_SLATE_BLUE (75%); MEDIUM_SEA_GREEN + INDIGO -> DARK_SLATE_BLUE (60%); NAVY + CADET_BLUE -> DARK_SLATE_BLUE (75%); NAVY + DARK_GRAY -> DARK_SLATE_BLUE (65%); NAVY + DARK_OLIVE_GREEN -> DARK_SLATE_BLUE (55%); NAVY + DARK_SLATE_GRAY -> DARK_SLATE_BLUE (95%); NAVY + DIM_GRAY -> DARK_SLATE_BLUE (90%); NAVY + DODGER_BLUE -> DARK_SLATE_BLUE (80%); NAVY + GRAY -> DARK_SLATE_BLUE (80%); NAVY + MEDIUM_ORCHID -> DARK_SLATE_BLUE (90%); NAVY + MEDIUM_PURPLE -> DARK_SLATE_BLUE (90%); OLIVE + BLUE -> DARK_SLATE_BLUE (45%); PERU + BLUE -> DARK_SLATE_BLUE (60%); PURPLE + CADET_BLUE -> DARK_SLATE_BLUE (80%); PURPLE + LIGHT_SEA_GREEN -> DARK_SLATE_BLUE (65%); ROSY_BROWN + NAVY -> DARK_SLATE_BLUE (75%); ROYAL_BLUE + BLACK -> DARK_SLATE_BLUE (80%); ROYAL_BLUE + BROWN -> DARK_SLATE_BLUE (85%); ROYAL_BLUE + INDIGO -> DARK_SLATE_BLUE (100%); ROYAL_BLUE + NAVY -> DARK_SLATE_BLUE (95%); ROYAL_BLUE + PURPLE -> DARK_SLATE_BLUE (95%); SEA_GREEN + BLUE -> DARK_SLATE_BLUE (70%); SEA_GREEN + DARK_VIOLET -> DARK_SLATE_BLUE (75%); SEA_GREEN + INDIGO -> DARK_SLATE_BLUE (70%); SEA_GREEN + NAVY -> DARK_SLATE_BLUE (70%); SEA_GREEN + PURPLE -> DARK_SLATE_BLUE (75%); SIENNA + BLUE -> DARK_SLATE_BLUE (75%); SLATE_BLUE + BLACK -> DARK_SLATE_BLUE (85%); SLATE_BLUE + DARK_SLATE_GRAY -> DARK_SLATE_BLUE (100%); SLATE_BLUE + DIM_GRAY -> DARK_SLATE_BLUE (100%); SLATE_BLUE + INDIGO -> DARK_SLATE_BLUE (105%); SLATE_BLUE + NAVY -> DARK_SLATE_BLUE (100%); SLATE_GRAY + BLUE -> DARK_SLATE_BLUE (100%); SLATE_GRAY + INDIGO -> DARK_SLATE_BLUE (95%); SLATE_GRAY + NAVY -> DARK_SLATE_BLUE (90%); SLATE_GRAY + PURPLE -> DARK_SLATE_BLUE (95%); STEEL_BLUE + BLACK -> DARK_SLATE_BLUE (85%); STEEL_BLUE + INDIGO -> DARK_SLATE_BLUE (90%); STEEL_BLUE + NAVY -> DARK_SLATE_BLUE (90%); STEEL_BLUE + PURPLE -> DARK_SLATE_BLUE (85%); TAN + NAVY -> DARK_SLATE_BLUE (50%); TEAL + BLUE -> DARK_SLATE_BLUE (85%); TEAL + DARK_VIOLET -> DARK_SLATE_BLUE (90%); TEAL + INDIGO -> DARK_SLATE_BLUE (85%); TEAL + MEDIUM_VIOLET_RED -> DARK_SLATE_BLUE (75%); TEAL + NAVY -> DARK_SLATE_BLUE (80%); TEAL + PURPLE -> DARK_SLATE_BLUE (80%)
binnie-botany	2.6.32	binnie-mods-2.6.32.jar	5eb7ec5500ca846944f0e547706eb3735d5fe9996176fca57f97c178a872325b	binnie.botany.genetics.EnumFlowerColor.setupMutations	DARK_SLATE_GRAY	CADET_BLUE + BLACK -> DARK_SLATE_GRAY (75%); DARK_SLATE_BLUE + DARK_GREEN -> DARK_SLATE_GRAY (75%); GREEN + DARK_SLATE_BLUE -> DARK_SLATE_GRAY (70%); INDIGO + GREEN -> DARK_SLATE_GRAY (65%); LIGHT_SEA_GREEN + BLACK -> DARK_SLATE_GRAY (65%); LIME_GREEN + INDIGO -> DARK_SLATE_GRAY (50%); MAROON + DARK_TURQUOISE -> DARK_SLATE_GRAY (50%); MEDIUM_AQUAMARINE + BLACK -> DARK_SLATE_GRAY (55%); MEDIUM_PURPLE + DARK_GREEN -> DARK_SLATE_GRAY (70%); NAVY + DARK_GREEN -> DARK_SLATE_GRAY (65%); ROYAL_BLUE + DARK_GREEN -> DARK_SLATE_GRAY (70%); SEA_GREEN + DARK_SLATE_BLUE -> DARK_SLATE_GRAY (80%); SKY_BLUE + BLACK -> DARK_SLATE_GRAY (55%); SLATE_BLUE + DARK_GREEN -> DARK_SLATE_GRAY (70%); SLATE_GRAY + BLACK -> DARK_SLATE_GRAY (85%); TEAL + BLACK -> DARK_SLATE_GRAY (85%)
binnie-botany	2.6.32	binnie-mods-2.6.32.jar	5eb7ec5500ca846944f0e547706eb3735d5fe9996176fca57f97c178a872325b	binnie.botany.genetics.EnumFlowerColor.setupMutations	DARK_TURQUOISE	CYAN + CADET_BLUE -> DARK_TURQUOISE (100%); DARK_GRAY + CYAN -> DARK_TURQUOISE (95%); DEEP_SKY_BLUE + AQUAMARINE -> DARK_TURQUOISE (90%); DEEP_SKY_BLUE + DARK_SEA_GREEN -> DARK_TURQUOISE (85%); GRAY + CYAN -> DARK_TURQUOISE (90%); LIGHT_SEA_GREEN + CADET_BLUE -> DARK_TURQUOISE (120%); LIGHT_SEA_GREEN + CYAN -> DARK_TURQUOISE (110%); LIGHT_SEA_GREEN + LAVENDER -> DARK_TURQUOISE (95%); LIGHT_SEA_GREEN + LIGHT_GRAY -> DARK_TURQUOISE (100%); LIGHT_STEEL_BLUE + CYAN -> DARK_TURQUOISE (100%); LIGHT_STEEL_BLUE + LIGHT_SEA_GREEN -> DARK_TURQUOISE (100%); MEDIUM_AQUAMARINE + DEEP_SKY_BLUE -> DARK_TURQUOISE (95%); PALE_GREEN + DODGER_BLUE -> DARK_TURQUOISE (65%); PALE_TURQUOISE + CADET_BLUE -> DARK_TURQUOISE (105%); PALE_TURQUOISE + LIGHT_SEA_GREEN -> DARK_TURQUOISE (110%); ROSY_BROWN + CYAN -> DARK_TURQUOISE (75%); SKY_BLUE + CADET_BLUE -> DARK_TURQUOISE (110%); SKY_BLUE + CYAN -> DARK_TURQUOISE (110%); SKY_BLUE + LIGHT_SEA_GREEN -> DARK_TURQUOISE (110%); SKY_BLUE + MEDIUM_AQUAMARINE -> DARK_TURQUOISE (100%); SKY_BLUE + PALE_TURQUOISE -> DARK_TURQUOISE (115%); SLATE_GRAY + CYAN -> DARK_TURQUOISE (90%); SPRING_GREEN + DODGER_BLUE -> DARK_TURQUOISE (65%); STEEL_BLUE + AQUAMARINE -> DARK_TURQUOISE (80%); STEEL_BLUE + CYAN -> DARK_TURQUOISE (90%); TEAL + CYAN -> DARK_TURQUOISE (90%); THISTLE + CYAN -> DARK_TURQUOISE (80%); TURQUOISE + CYAN -> DARK_TURQUOISE (120%); TURQUOISE + DARK_GRAY -> DARK_TURQUOISE (100%); TURQUOISE + DEEP_SKY_BLUE -> DARK_TURQUOISE (100%); TURQUOISE + LIGHT_SEA_GREEN -> DARK_TURQUOISE (115%); TURQUOISE + LIGHT_STEEL_BLUE -> DARK_TURQUOISE (100%); TURQUOISE + MEDIUM_AQUAMARINE -> DARK_TURQUOISE (120%); TURQUOISE + SKY_BLUE -> DARK_TURQUOISE (110%); WHITE + TEAL -> DARK_TURQUOISE (80%)
binnie-botany	2.6.32	binnie-mods-2.6.32.jar	5eb7ec5500ca846944f0e547706eb3735d5fe9996176fca57f97c178a872325b	binnie.botany.genetics.EnumFlowerColor.setupMutations	DARK_VIOLET	CORAL + BLUE -> DARK_VIOLET (65%); DEEP_PINK + BLUE -> DARK_VIOLET (90%); HOT_PINK + BLUE -> DARK_VIOLET (80%); INDIAN_RED + BLUE -> DARK_VIOLET (80%); MAGENTA + BLUE -> DARK_VIOLET (95%); MAGENTA + DARK_SLATE_BLUE -> DARK_VIOLET (90%); MAGENTA + DARK_SLATE_GRAY -> DARK_VIOLET (90%); MAGENTA + INDIGO -> DARK_VIOLET (90%); MEDIUM_ORCHID + BLUE -> DARK_VIOLET (100%); MEDIUM_ORCHID + INDIGO -> DARK_VIOLET (100%); MEDIUM_PURPLE + INDIGO -> DARK_VIOLET (95%); MEDIUM_VIOLET_RED + BLUE -> DARK_VIOLET (95%); NAVY + MAGENTA -> DARK_VIOLET (85%); PALE_VIOLET_RED + BLUE -> DARK_VIOLET (85%); PURPLE + MAGENTA -> DARK_VIOLET (95%); PURPLE + MEDIUM_ORCHID -> DARK_VIOLET (105%); PURPLE + MEDIUM_PURPLE -> DARK_VIOLET (100%); ROYAL_BLUE + DEEP_PINK -> DARK_VIOLET (90%); ROYAL_BLUE + MAGENTA -> DARK_VIOLET (95%); ROYAL_BLUE + MEDIUM_VIOLET_RED -> DARK_VIOLET (95%); SALMON + BLUE -> DARK_VIOLET (70%); SEA_GREEN + MAGENTA -> DARK_VIOLET (75%); SLATE_BLUE + BLUE -> DARK_VIOLET (110%); SLATE_BLUE + MEDIUM_VIOLET_RED -> DARK_VIOLET (100%); SLATE_BLUE + PURPLE -> DARK_VIOLET (105%); STEEL_BLUE + MEDIUM_VIOLET_RED -> DARK_VIOLET (80%); TEAL + MAGENTA -> DARK_VIOLET (85%); VIOLET + INDIGO -> DARK_VIOLET (80%); VIOLET + NAVY -> DARK_VIOLET (75%)
binnie-botany	2.6.32	binnie-mods-2.6.32.jar	5eb7ec5500ca846944f0e547706eb3735d5fe9996176fca57f97c178a872325b	binnie.botany.genetics.EnumFlowerColor.setupMutations	DEEP_PINK	HOT_PINK + CRIMSON -> DEEP_PINK (100%); MAGENTA + CHOCOLATE -> DEEP_PINK (75%); MAGENTA + CORAL -> DEEP_PINK (80%); MAGENTA + CRIMSON -> DEEP_PINK (90%); MAGENTA + DARK_GOLDENROD -> DEEP_PINK (60%); MAGENTA + DARK_ORANGE -> DEEP_PINK (65%); MAGENTA + GOLDENROD -> DEEP_PINK (55%); MAGENTA + INDIAN_RED -> DEEP_PINK (95%); MEDIUM_VIOLET_RED + CRIMSON -> DEEP_PINK (105%); MEDIUM_VIOLET_RED + HOT_PINK -> DEEP_PINK (105%); MEDIUM_VIOLET_RED + INDIAN_RED -> DEEP_PINK (105%); PALE_VIOLET_RED + HOT_PINK -> DEEP_PINK (120%); PALE_VIOLET_RED + MEDIUM_VIOLET_RED -> DEEP_PINK (110%); PERU + MAGENTA -> DEEP_PINK (70%); RED + MAGENTA -> DEEP_PINK (85%); RED + MEDIUM_ORCHID -> DEEP_PINK (85%); ROSY_BROWN + MEDIUM_VIOLET_RED -> DEEP_PINK (100%); SALMON + MEDIUM_VIOLET_RED -> DEEP_PINK (95%); VIOLET + CRIMSON -> DEEP_PINK (90%); VIOLET + RED -> DEEP_PINK (85%)
binnie-botany	2.6.32	binnie-mods-2.6.32.jar	5eb7ec5500ca846944f0e547706eb3735d5fe9996176fca57f97c178a872325b	binnie.botany.genetics.EnumFlowerColor.setupMutations	DEEP_SKY_BLUE	DARK_SLATE_BLUE + CYAN -> DEEP_SKY_BLUE (60%); DODGER_BLUE + CYAN -> DEEP_SKY_BLUE (85%); DODGER_BLUE + DARK_SEA_GREEN -> DEEP_SKY_BLUE (80%); DODGER_BLUE + DARK_TURQUOISE -> DEEP_SKY_BLUE (95%); LIGHT_GRAY + DODGER_BLUE -> DEEP_SKY_BLUE (95%); LIGHT_SEA_GREEN + DODGER_BLUE -> DEEP_SKY_BLUE (95%); LIGHT_STEEL_BLUE + DODGER_BLUE -> DEEP_SKY_BLUE (105%); MEDIUM_AQUAMARINE + DODGER_BLUE -> DEEP_SKY_BLUE (85%); MEDIUM_PURPLE + CYAN -> DEEP_SKY_BLUE (75%); PALE_TURQUOISE + DODGER_BLUE -> DEEP_SKY_BLUE (90%); ROYAL_BLUE + AQUAMARINE -> DEEP_SKY_BLUE (70%); ROYAL_BLUE + CYAN -> DEEP_SKY_BLUE (75%); SKY_BLUE + DODGER_BLUE -> DEEP_SKY_BLUE (105%); SKY_BLUE + LIGHT_STEEL_BLUE -> DEEP_SKY_BLUE (115%); SLATE_BLUE + AQUAMARINE -> DEEP_SKY_BLUE (70%); SLATE_BLUE + CYAN -> DEEP_SKY_BLUE (70%); STEEL_BLUE + SKY_BLUE -> DEEP_SKY_BLUE (105%); TURQUOISE + DODGER_BLUE -> DEEP_SKY_BLUE (90%); TURQUOISE + MEDIUM_PURPLE -> DEEP_SKY_BLUE (80%); TURQUOISE + ROYAL_BLUE -> DEEP_SKY_BLUE (80%); VIOLET + CYAN -> DEEP_SKY_BLUE (70%)
binnie-botany	2.6.32	binnie-mods-2.6.32.jar	5eb7ec5500ca846944f0e547706eb3735d5fe9996176fca57f97c178a872325b	binnie.botany.genetics.EnumFlowerColor.setupMutations	DIM_GRAY	DARK_GRAY + BLACK -> DIM_GRAY (70%); DARK_SLATE_BLUE + DARK_OLIVE_GREEN -> DIM_GRAY (70%); GRAY + DARK_SLATE_GRAY -> DIM_GRAY (100%); LIGHT_GRAY + BLACK -> DIM_GRAY (45%); LIGHT_SEA_GREEN + BROWN -> DIM_GRAY (60%); LIGHT_STEEL_BLUE + BLACK -> DIM_GRAY (55%); LIME_GREEN + DARK_VIOLET -> DIM_GRAY (55%); MAROON + LIGHT_SEA_GREEN -> DIM_GRAY (60%); MEDIUM_AQUAMARINE + MAROON -> DIM_GRAY (50%); MEDIUM_PURPLE + DARK_OLIVE_GREEN -> DIM_GRAY (65%); OLIVE + DARK_SLATE_BLUE -> DIM_GRAY (60%); OLIVE_DRAB + DARK_SLATE_BLUE -> DIM_GRAY (55%); RED + DARK_TURQUOISE -> DIM_GRAY (60%); ROSY_BROWN + DARK_SLATE_GRAY -> DIM_GRAY (80%); ROYAL_BLUE + OLIVE -> DIM_GRAY (60%); SEA_GREEN + INDIAN_RED -> DIM_GRAY (65%); SLATE_BLUE + OLIVE -> DIM_GRAY (60%); SLATE_BLUE + OLIVE_DRAB -> DIM_GRAY (55%); SLATE_GRAY + DARK_SLATE_GRAY -> DIM_GRAY (105%); SLATE_GRAY + GRAY -> DIM_GRAY (120%); STEEL_BLUE + SIENNA -> DIM_GRAY (85%); TAN + BLACK -> DIM_GRAY (60%); TEAL + BROWN -> DIM_GRAY (75%); TEAL + INDIAN_RED -> DIM_GRAY (75%); THISTLE + BLACK -> DIM_GRAY (55%); TURQUOISE + MAROON -> DIM_GRAY (45%)
binnie-botany	2.6.32	binnie-mods-2.6.32.jar	5eb7ec5500ca846944f0e547706eb3735d5fe9996176fca57f97c178a872325b	binnie.botany.genetics.EnumFlowerColor.setupMutations	DODGER_BLUE	CYAN + BLUE -> DODGER_BLUE (60%); HOT_PINK + DARK_TURQUOISE -> DODGER_BLUE (60%); HOT_PINK + DEEP_SKY_BLUE -> DODGER_BLUE (65%); MEDIUM_ORCHID + CYAN -> DODGER_BLUE (70%); MEDIUM_ORCHID + DARK_TURQUOISE -> DODGER_BLUE (75%); MEDIUM_ORCHID + DEEP_SKY_BLUE -> DODGER_BLUE (75%); MEDIUM_PURPLE + DARK_TURQUOISE -> DODGER_BLUE (85%); MEDIUM_PURPLE + DEEP_SKY_BLUE -> DODGER_BLUE (90%); MEDIUM_PURPLE + MEDIUM_AQUAMARINE -> DODGER_BLUE (80%); PALE_VIOLET_RED + DEEP_SKY_BLUE -> DODGER_BLUE (70%); PLUM + DEEP_SKY_BLUE -> DODGER_BLUE (80%); ROYAL_BLUE + DARK_TURQUOISE -> DODGER_BLUE (85%); ROYAL_BLUE + DEEP_SKY_BLUE -> DODGER_BLUE (95%); ROYAL_BLUE + LIGHT_STEEL_BLUE -> DODGER_BLUE (100%); ROYAL_BLUE + MEDIUM_AQUAMARINE -> DODGER_BLUE (80%); ROYAL_BLUE + PALE_TURQUOISE -> DODGER_BLUE (80%); SKY_BLUE + ROYAL_BLUE -> DODGER_BLUE (95%); SLATE_BLUE + DARK_TURQUOISE -> DODGER_BLUE (80%); SLATE_BLUE + DEEP_SKY_BLUE -> DODGER_BLUE (90%); SLATE_BLUE + SKY_BLUE -> DODGER_BLUE (90%); STEEL_BLUE + DEEP_SKY_BLUE -> DODGER_BLUE (105%); STEEL_BLUE + LIGHT_STEEL_BLUE -> DODGER_BLUE (105%); STEEL_BLUE + ROYAL_BLUE -> DODGER_BLUE (115%); TURQUOISE + MEDIUM_ORCHID -> DODGER_BLUE (75%); TURQUOISE + SLATE_BLUE -> DODGER_BLUE (75%); VIOLET + DARK_TURQUOISE -> DODGER_BLUE (75%); VIOLET + DEEP_SKY_BLUE -> DODGER_BLUE (75%)
binnie-botany	2.6.32	binnie-mods-2.6.32.jar	5eb7ec5500ca846944f0e547706eb3735d5fe9996176fca57f97c178a872325b	binnie.botany.genetics.EnumFlowerColor.setupMutations	GOLD	KHAKI + GOLDENROD -> GOLD (110%); ORANGE + KHAKI -> GOLD (105%); ORANGE + LEMON_CHIFFON -> GOLD (100%); YELLOW + DARK_GOLDENROD -> GOLD (95%); YELLOW + DARK_ORANGE -> GOLD (90%); YELLOW + DARK_SALMON -> GOLD (80%); YELLOW + GOLDENROD -> GOLD (100%); YELLOW + KHAKI -> GOLD (115%); YELLOW + ORANGE -> GOLD (95%); YELLOW + PERU -> GOLD (90%); YELLOW + PINK -> GOLD (75%); YELLOW + ROSY_BROWN -> GOLD (75%); YELLOW + SANDY_BROWN -> GOLD (90%); YELLOW + TAN -> GOLD (100%); YELLOW_GREEN + ORANGE -> GOLD (90%)
binnie-botany	2.6.32	binnie-mods-2.6.32.jar	5eb7ec5500ca846944f0e547706eb3735d5fe9996176fca57f97c178a872325b	binnie.botany.genetics.EnumFlowerColor.setupMutations	GOLDENROD	DARK_KHAKI + DARK_GOLDENROD -> GOLDENROD (110%); DARK_ORANGE + DARK_KHAKI -> GOLDENROD (100%); DARK_SEA_GREEN + DARK_ORANGE -> GOLDENROD (85%); GOLD + DARK_GOLDENROD -> GOLDENROD (105%); GOLD + DARK_SALMON -> GOLDENROD (90%); KHAKI + CHOCOLATE -> GOLDENROD (85%); KHAKI + DARK_GOLDENROD -> GOLDENROD (100%); KHAKI + DARK_ORANGE -> GOLDENROD (95%); OLIVE + GOLD -> GOLDENROD (95%); ORANGE + DARK_GOLDENROD -> GOLDENROD (110%); ORANGE + DARK_GRAY -> GOLDENROD (95%); ORANGE + DARK_KHAKI -> GOLDENROD (105%); ORANGE + GOLD -> GOLDENROD (110%); ORANGE + LIGHT_GRAY -> GOLDENROD (95%); ORANGE + OLIVE_DRAB -> GOLDENROD (90%); PERU + DARK_GOLDENROD -> GOLDENROD (115%); PERU + DARK_KHAKI -> GOLDENROD (105%); PERU + GOLD -> GOLDENROD (100%); PERU + KHAKI -> GOLDENROD (95%); PINK + GOLD -> GOLDENROD (80%); ROSY_BROWN + GOLD -> GOLDENROD (85%); SANDY_BROWN + GOLD -> GOLDENROD (105%); SIENNA + GOLD -> GOLDENROD (80%); TAN + DARK_GOLDENROD -> GOLDENROD (110%); TAN + GOLD -> GOLDENROD (105%); TAN + ORANGE -> GOLDENROD (110%); WHEAT + DARK_GOLDENROD -> GOLDENROD (100%); WHEAT + ORANGE -> GOLDENROD (105%); YELLOW + BROWN -> GOLDENROD (55%); YELLOW + CHOCOLATE -> GOLDENROD (80%); YELLOW + CORAL -> GOLDENROD (75%); YELLOW + INDIAN_RED -> GOLDENROD (65%); YELLOW + PALE_VIOLET_RED -> GOLDENROD (55%); YELLOW + SALMON -> GOLDENROD (70%); YELLOW + SIENNA -> GOLDENROD (70%); YELLOW_GREEN + CHOCOLATE -> GOLDENROD (75%); YELLOW_GREEN + CORAL -> GOLDENROD (75%); YELLOW_GREEN + DARK_ORANGE -> GOLDENROD (85%); YELLOW_GREEN + SALMON -> GOLDENROD (70%)
binnie-botany	2.6.32	binnie-mods-2.6.32.jar	5eb7ec5500ca846944f0e547706eb3735d5fe9996176fca57f97c178a872325b	binnie.botany.genetics.EnumFlowerColor.setupMutations	GRAY	BROWN + AQUAMARINE -> GRAY (50%); DARK_SLATE_BLUE + DARK_KHAKI -> GRAY (55%); DARK_SLATE_GRAY + DARK_GRAY -> GRAY (85%); DARK_SLATE_GRAY + DARK_SALMON -> GRAY (75%); DIM_GRAY + DARK_GRAY -> GRAY (105%); DODGER_BLUE + DARK_ORANGE -> GRAY (70%); KHAKI + DARK_SLATE_BLUE -> GRAY (50%); LIGHT_GRAY + DARK_SLATE_GRAY -> GRAY (75%); LIGHT_SEA_GREEN + INDIAN_RED -> GRAY (70%); MEDIUM_AQUAMARINE + BROWN -> GRAY (55%); MEDIUM_SEA_GREEN + HOT_PINK -> GRAY (45%); OLIVE + MEDIUM_PURPLE -> GRAY (60%); OLIVE + NAVY -> GRAY (50%); OLIVE_DRAB + MEDIUM_PURPLE -> GRAY (55%); PALE_VIOLET_RED + MEDIUM_SEA_GREEN -> GRAY (55%); PINK + DARK_SLATE_GRAY -> GRAY (65%); ROSY_BROWN + DIM_GRAY -> GRAY (100%); ROYAL_BLUE + DARK_GOLDENROD -> GRAY (65%); ROYAL_BLUE + GOLDENROD -> GRAY (60%); SEA_GREEN + PALE_VIOLET_RED -> GRAY (60%); SIENNA + CADET_BLUE -> GRAY (85%); SKY_BLUE + SIENNA -> GRAY (70%); SLATE_BLUE + DARK_KHAKI -> GRAY (60%); SLATE_GRAY + DARK_GRAY -> GRAY (110%); SLATE_GRAY + DIM_GRAY -> GRAY (115%); SLATE_GRAY + ROSY_BROWN -> GRAY (100%); STEEL_BLUE + CHOCOLATE -> GRAY (80%); STEEL_BLUE + DARK_SALMON -> GRAY (85%); STEEL_BLUE + PERU -> GRAY (80%); TAN + DARK_SLATE_GRAY -> GRAY (75%); TAN + DIM_GRAY -> GRAY (95%); TEAL + CORAL -> GRAY (75%); TEAL + MAROON -> GRAY (70%); TEAL + SALMON -> GRAY (70%); TURQUOISE + BROWN -> GRAY (55%); TURQUOISE + CRIMSON -> GRAY (50%)
binnie-botany	2.6.32	binnie-mods-2.6.32.jar	5eb7ec5500ca846944f0e547706eb3735d5fe9996176fca57f97c178a872325b	binnie.botany.genetics.EnumFlowerColor.setupMutations	GREEN	DARK_OLIVE_GREEN + DARK_GREEN -> GREEN (115%); LIME_GREEN + DARK_GREEN -> GREEN (90%); OLIVE + DARK_GREEN -> GREEN (105%); OLIVE_DRAB + DARK_GREEN -> GREEN (105%); SEA_GREEN + DARK_GREEN -> GREEN (110%); SEA_GREEN + DARK_OLIVE_GREEN -> GREEN (110%); SEA_GREEN + OLIVE_DRAB -> GREEN (110%)
binnie-botany	2.6.32	binnie-mods-2.6.32.jar	5eb7ec5500ca846944f0e547706eb3735d5fe9996176fca57f97c178a872325b	binnie.botany.genetics.EnumFlowerColor.setupMutations	HOT_PINK	LAVENDER + DEEP_PINK -> HOT_PINK (85%); LEMON_CHIFFON + DEEP_PINK -> HOT_PINK (65%); LIGHT_GRAY + DEEP_PINK -> HOT_PINK (90%); LIGHT_STEEL_BLUE + DEEP_PINK -> HOT_PINK (85%); MAGENTA + DARK_KHAKI -> HOT_PINK (55%); MAGENTA + DARK_SALMON -> HOT_PINK (85%); MAGENTA + DEEP_PINK -> HOT_PINK (110%); MAGENTA + KHAKI -> HOT_PINK (50%); MISTY_ROSE + DEEP_PINK -> HOT_PINK (90%); MISTY_ROSE + MEDIUM_VIOLET_RED -> HOT_PINK (80%); PALE_VIOLET_RED + DEEP_PINK -> HOT_PINK (115%); PALE_VIOLET_RED + MEDIUM_ORCHID -> HOT_PINK (105%); PINK + DEEP_PINK -> HOT_PINK (100%); PINK + MEDIUM_VIOLET_RED -> HOT_PINK (90%); PINK + PALE_VIOLET_RED -> HOT_PINK (105%); PLUM + DEEP_PINK -> HOT_PINK (105%); PLUM + PALE_VIOLET_RED -> HOT_PINK (110%); ROSY_BROWN + PALE_VIOLET_RED -> HOT_PINK (115%); SALMON + MAGENTA -> HOT_PINK (90%); SANDY_BROWN + MAGENTA -> HOT_PINK (70%); TAN + MAGENTA -> HOT_PINK (75%); THISTLE + DEEP_PINK -> HOT_PINK (95%); THISTLE + MEDIUM_VIOLET_RED -> HOT_PINK (90%); VIOLET + DARK_SALMON -> HOT_PINK (90%); VIOLET + DEEP_PINK -> HOT_PINK (110%); VIOLET + PALE_VIOLET_RED -> HOT_PINK (110%); VIOLET + PLUM -> HOT_PINK (120%); VIOLET + SALMON -> HOT_PINK (95%); WHITE + DEEP_PINK -> HOT_PINK (85%)
binnie-botany	2.6.32	binnie-mods-2.6.32.jar	5eb7ec5500ca846944f0e547706eb3735d5fe9996176fca57f97c178a872325b	binnie.botany.genetics.EnumFlowerColor.setupMutations	INDIAN_RED	CORAL + BROWN -> INDIAN_RED (95%); CRIMSON + BROWN -> INDIAN_RED (115%); CRIMSON + CORAL -> INDIAN_RED (105%); DARK_GRAY + BROWN -> INDIAN_RED (85%); DARK_GRAY + CRIMSON -> INDIAN_RED (90%); DARK_KHAKI + CRIMSON -> INDIAN_RED (75%); DARK_SALMON + BROWN -> INDIAN_RED (95%); DARK_SALMON + CRIMSON -> INDIAN_RED (100%); DARK_SEA_GREEN + CRIMSON -> INDIAN_RED (60%); DARK_SLATE_BLUE + CORAL -> INDIAN_RED (70%); DARK_VIOLET + DARK_ORANGE -> INDIAN_RED (60%); DEEP_PINK + CHOCOLATE -> INDIAN_RED (85%); DEEP_PINK + CORAL -> INDIAN_RED (95%); DEEP_PINK + CRIMSON -> INDIAN_RED (105%); DEEP_PINK + DARK_GOLDENROD -> INDIAN_RED (70%); DIM_GRAY + CORAL -> INDIAN_RED (90%); GOLDENROD + DEEP_PINK -> INDIAN_RED (65%); GRAY + CRIMSON -> INDIAN_RED (95%); HOT_PINK + BROWN -> INDIAN_RED (90%); HOT_PINK + CHOCOLATE -> INDIAN_RED (85%); HOT_PINK + DARK_OLIVE_GREEN -> INDIAN_RED (60%); MAROON + LIGHT_GRAY -> INDIAN_RED (65%); MEDIUM_ORCHID + DARK_GOLDENROD -> INDIAN_RED (65%); MEDIUM_ORCHID + DARK_ORANGE -> INDIAN_RED (70%); MEDIUM_VIOLET_RED + CORAL -> INDIAN_RED (85%); MEDIUM_VIOLET_RED + DARK_GOLDENROD -> INDIAN_RED (70%); MEDIUM_VIOLET_RED + DARK_ORANGE -> INDIAN_RED (70%); MEDIUM_VIOLET_RED + GOLDENROD -> INDIAN_RED (60%); MISTY_ROSE + MAROON -> INDIAN_RED (60%); OLIVE + DEEP_PINK -> INDIAN_RED (60%); OLIVE + HOT_PINK -> INDIAN_RED (60%); OLIVE + MEDIUM_ORCHID -> INDIAN_RED (55%); OLIVE_DRAB + DEEP_PINK -> INDIAN_RED (50%); ORANGE + DARK_VIOLET -> INDIAN_RED (55%); PALE_VIOLET_RED + BROWN -> INDIAN_RED (100%); PALE_VIOLET_RED + CHOCOLATE -> INDIAN_RED (95%); PALE_VIOLET_RED + CRIMSON -> INDIAN_RED (105%); PERU + CRIMSON -> INDIAN_RED (95%); PERU + DEEP_PINK -> INDIAN_RED (85%); PERU + MEDIUM_VIOLET_RED -> INDIAN_RED (80%); PINK + BROWN -> INDIAN_RED (85%); PINK + MAROON -> INDIAN_RED (65%); PURPLE + GOLDENROD -> INDIAN_RED (50%); PURPLE + ORANGE -> INDIAN_RED (50%); RED + CADET_BLUE -> INDIAN_RED (75%); RED + CRIMSON -> INDIAN_RED (115%); RED + DARK_GRAY -> INDIAN_RED (90%); RED + DARK_SALMON -> INDIAN_RED (105%); RED + DARK_SEA_GREEN -> INDIAN_RED (65%); RED + HOT_PINK -> INDIAN_RED (95%); RED + LIGHT_GRAY -> INDIAN_RED (85%); RED + LIGHT_STEEL_BLUE -> INDIAN_RED (80%); RED + MEDIUM_AQUAMARINE -> INDIAN_RED (60%); RED + PALE_TURQUOISE -> INDIAN_RED (65%); RED + PLUM -> INDIAN_RED (85%); ROSY_BROWN + BROWN -> INDIAN_RED (95%); ROSY_BROWN + CRIMSON -> INDIAN_RED (100%); ROSY_BROWN + RED -> INDIAN_RED (100%); SALMON + BROWN -> INDIAN_RED (95%); SALMON + CRIMSON -> INDIAN_RED (105%); SALMON + DIM_GRAY -> INDIAN_RED (95%); SALMON + PALE_VIOLET_RED -> INDIAN_RED (110%); SALMON + RED -> INDIAN_RED (110%); SANDY_BROWN + CRIMSON -> INDIAN_RED (90%); SANDY_BROWN + MEDIUM_VIOLET_RED -> INDIAN_RED (75%); SIENNA + HOT_PINK -> INDIAN_RED (90%); SIENNA + PALE_VIOLET_RED -> INDIAN_RED (95%); SIENNA + ROSY_BROWN -> INDIAN_RED (100%); SIENNA + SALMON -> INDIAN_RED (100%); SKY_BLUE + RED -> INDIAN_RED (65%); SLATE_BLUE + DARK_ORANGE -> INDIAN_RED (65%); TAN + BROWN -> INDIAN_RED (85%); TAN + CRIMSON -> INDIAN_RED (85%); TAN + RED -> INDIAN_RED (90%); THISTLE + MAROON -> INDIAN_RED (65%); THISTLE + RED -> INDIAN_RED (85%); WHEAT + MAROON -> INDIAN_RED (60%)
binnie-botany	2.6.32	binnie-mods-2.6.32.jar	5eb7ec5500ca846944f0e547706eb3735d5fe9996176fca57f97c178a872325b	binnie.botany.genetics.EnumFlowerColor.setupMutations	INDIGO	BROWN + BLUE -> INDIGO (85%); CRIMSON + BLUE -> INDIGO (85%); DARK_SLATE_BLUE + BLUE -> INDIGO (110%); DARK_VIOLET + BLACK -> INDIGO (85%); DARK_VIOLET + DARK_SLATE_BLUE -> INDIGO (110%); DARK_VIOLET + DARK_SLATE_GRAY -> INDIGO (100%); MAROON + BLUE -> INDIGO (80%); NAVY + BLUE -> INDIGO (110%); NAVY + DARK_SLATE_BLUE -> INDIGO (110%); NAVY + DARK_VIOLET -> INDIGO (105%); NAVY + MEDIUM_VIOLET_RED -> INDIGO (95%); PURPLE + BLACK -> INDIGO (95%); PURPLE + BLUE -> INDIGO (105%); PURPLE + DARK_SLATE_BLUE -> INDIGO (110%); PURPLE + DARK_SLATE_GRAY -> INDIGO (105%); PURPLE + DARK_VIOLET -> INDIGO (115%); PURPLE + NAVY -> INDIGO (110%)
binnie-botany	2.6.32	binnie-mods-2.6.32.jar	5eb7ec5500ca846944f0e547706eb3735d5fe9996176fca57f97c178a872325b	binnie.botany.genetics.EnumFlowerColor.setupMutations	KHAKI	GOLD + DARK_KHAKI -> KHAKI (110%); LAVENDER + GOLD -> KHAKI (85%); LEMON_CHIFFON + DARK_KHAKI -> KHAKI (110%); LEMON_CHIFFON + DARK_SEA_GREEN -> KHAKI (105%); LEMON_CHIFFON + GOLD -> KHAKI (105%); LEMON_CHIFFON + GOLDENROD -> KHAKI (100%); LIGHT_GRAY + GOLD -> KHAKI (95%); LIGHT_STEEL_BLUE + GOLD -> KHAKI (80%); MISTY_ROSE + GOLD -> KHAKI (95%); PALE_GREEN + ORANGE -> KHAKI (80%); PALE_TURQUOISE + GOLD -> KHAKI (90%); THISTLE + GOLD -> KHAKI (80%); WHEAT + DARK_KHAKI -> KHAKI (110%); WHEAT + GOLD -> KHAKI (110%); WHEAT + LEMON_CHIFFON -> KHAKI (120%); WHITE + GOLD -> KHAKI (95%); YELLOW + DARK_GRAY -> KHAKI (90%); YELLOW + DARK_KHAKI -> KHAKI (105%); YELLOW + GOLD -> KHAKI (115%); YELLOW + LAVENDER -> KHAKI (80%); YELLOW + LEMON_CHIFFON -> KHAKI (105%); YELLOW + LIGHT_GRAY -> KHAKI (95%); YELLOW + LIGHT_STEEL_BLUE -> KHAKI (75%); YELLOW + MISTY_ROSE -> KHAKI (90%); YELLOW + PALE_TURQUOISE -> KHAKI (90%); YELLOW + PLUM -> KHAKI (55%); YELLOW + THISTLE -> KHAKI (75%); YELLOW + WHEAT -> KHAKI (105%); YELLOW + WHITE -> KHAKI (95%); YELLOW_GREEN + LEMON_CHIFFON -> KHAKI (105%); YELLOW_GREEN + MISTY_ROSE -> KHAKI (90%); YELLOW_GREEN + WHEAT -> KHAKI (100%); YELLOW_GREEN + WHITE -> KHAKI (95%); YELLOW_GREEN + YELLOW -> KHAKI (110%)
binnie-botany	2.6.32	binnie-mods-2.6.32.jar	5eb7ec5500ca846944f0e547706eb3735d5fe9996176fca57f97c178a872325b	binnie.botany.genetics.EnumFlowerColor.setupMutations	LAVENDER	LIGHT_STEEL_BLUE + LIGHT_GRAY -> LAVENDER (115%); MISTY_ROSE + LIGHT_STEEL_BLUE -> LAVENDER (105%); PLUM + PALE_TURQUOISE -> LAVENDER (90%); THISTLE + LIGHT_GRAY -> LAVENDER (110%); THISTLE + LIGHT_STEEL_BLUE -> LAVENDER (110%); WHITE + LIGHT_GRAY -> LAVENDER (120%); WHITE + LIGHT_STEEL_BLUE -> LAVENDER (110%); WHITE + THISTLE -> LAVENDER (105%)
binnie-botany	2.6.32	binnie-mods-2.6.32.jar	5eb7ec5500ca846944f0e547706eb3735d5fe9996176fca57f97c178a872325b	binnie.botany.genetics.EnumFlowerColor.setupMutations	LEMON_CHIFFON	LAVENDER + KHAKI -> LEMON_CHIFFON (90%); LIGHT_GRAY + KHAKI -> LEMON_CHIFFON (105%); LIGHT_STEEL_BLUE + KHAKI -> LEMON_CHIFFON (85%); MISTY_ROSE + DARK_SEA_GREEN -> LEMON_CHIFFON (90%); PALE_GREEN + MISTY_ROSE -> LEMON_CHIFFON (90%); PALE_TURQUOISE + KHAKI -> LEMON_CHIFFON (95%); PINK + PALE_GREEN -> LEMON_CHIFFON (70%); WHEAT + KHAKI -> LEMON_CHIFFON (115%); WHEAT + LIGHT_GRAY -> LEMON_CHIFFON (110%); WHEAT + PALE_GREEN -> LEMON_CHIFFON (100%); WHEAT + PALE_TURQUOISE -> LEMON_CHIFFON (100%); WHITE + DARK_KHAKI -> LEMON_CHIFFON (100%); WHITE + KHAKI -> LEMON_CHIFFON (105%); WHITE + WHEAT -> LEMON_CHIFFON (110%)
binnie-botany	2.6.32	binnie-mods-2.6.32.jar	5eb7ec5500ca846944f0e547706eb3735d5fe9996176fca57f97c178a872325b	binnie.botany.genetics.EnumFlowerColor.setupMutations	LIGHT_GRAY	LAVENDER + DARK_GRAY -> LIGHT_GRAY (110%); LEMON_CHIFFON + DARK_GRAY -> LIGHT_GRAY (100%); LIGHT_STEEL_BLUE + DARK_GRAY -> LIGHT_GRAY (115%); LIGHT_STEEL_BLUE + LAVENDER -> LIGHT_GRAY (115%); LIGHT_STEEL_BLUE + LEMON_CHIFFON -> LIGHT_GRAY (95%); MISTY_ROSE + CADET_BLUE -> LIGHT_GRAY (85%); MISTY_ROSE + DARK_GRAY -> LIGHT_GRAY (105%); PALE_TURQUOISE + DARK_SALMON -> LIGHT_GRAY (85%); PALE_TURQUOISE + MISTY_ROSE -> LIGHT_GRAY (95%); PINK + MEDIUM_AQUAMARINE -> LIGHT_GRAY (75%); PINK + PALE_TURQUOISE -> LIGHT_GRAY (80%); TAN + LAVENDER -> LIGHT_GRAY (100%); TAN + PALE_TURQUOISE -> LIGHT_GRAY (95%); THISTLE + DARK_GRAY -> LIGHT_GRAY (110%); WHEAT + LAVENDER -> LIGHT_GRAY (100%); WHEAT + LIGHT_STEEL_BLUE -> LIGHT_GRAY (95%); WHITE + DARK_GRAY -> LIGHT_GRAY (105%); WHITE + GRAY -> LIGHT_GRAY (95%); WHITE + LAVENDER -> LIGHT_GRAY (115%); WHITE + MISTY_ROSE -> LIGHT_GRAY (115%); WHITE + SLATE_GRAY -> LIGHT_GRAY (90%)
binnie-botany	2.6.32	binnie-mods-2.6.32.jar	5eb7ec5500ca846944f0e547706eb3735d5fe9996176fca57f97c178a872325b	binnie.botany.genetics.EnumFlowerColor.setupMutations	LIGHT_SEA_GREEN	DARK_OLIVE_GREEN + CYAN -> LIGHT_SEA_GREEN (75%); DARK_SLATE_GRAY + AQUAMARINE -> LIGHT_SEA_GREEN (70%); DARK_SLATE_GRAY + CYAN -> LIGHT_SEA_GREEN (70%); DARK_TURQUOISE + CADET_BLUE -> LIGHT_SEA_GREEN (115%); DARK_TURQUOISE + DARK_GRAY -> LIGHT_SEA_GREEN (100%); DARK_TURQUOISE + DARK_SALMON -> LIGHT_SEA_GREEN (80%); DEEP_SKY_BLUE + DARK_KHAKI -> LIGHT_SEA_GREEN (75%); DIM_GRAY + CYAN -> LIGHT_SEA_GREEN (80%); LIME_GREEN + DODGER_BLUE -> LIGHT_SEA_GREEN (65%); MEDIUM_AQUAMARINE + CADET_BLUE -> LIGHT_SEA_GREEN (110%); MEDIUM_SEA_GREEN + CADET_BLUE -> LIGHT_SEA_GREEN (105%); MEDIUM_SEA_GREEN + DEEP_SKY_BLUE -> LIGHT_SEA_GREEN (85%); OLIVE_DRAB + DEEP_SKY_BLUE -> LIGHT_SEA_GREEN (70%); ROYAL_BLUE + LIME_GREEN -> LIGHT_SEA_GREEN (60%); SALMON + CYAN -> LIGHT_SEA_GREEN (65%); SEA_GREEN + CADET_BLUE -> LIGHT_SEA_GREEN (105%); SEA_GREEN + DARK_TURQUOISE -> LIGHT_SEA_GREEN (100%); SIENNA + CYAN -> LIGHT_SEA_GREEN (60%); SKY_BLUE + SEA_GREEN -> LIGHT_SEA_GREEN (90%); SPRING_GREEN + DARK_SLATE_BLUE -> LIGHT_SEA_GREEN (50%); SPRING_GREEN + MEDIUM_PURPLE -> LIGHT_SEA_GREEN (65%); SPRING_GREEN + ROYAL_BLUE -> LIGHT_SEA_GREEN (60%); SPRING_GREEN + SLATE_BLUE -> LIGHT_SEA_GREEN (60%); TEAL + AQUAMARINE -> LIGHT_SEA_GREEN (90%); TEAL + CADET_BLUE -> LIGHT_SEA_GREEN (115%); TEAL + DARK_SEA_GREEN -> LIGHT_SEA_GREEN (100%); TEAL + DARK_TURQUOISE -> LIGHT_SEA_GREEN (105%); TEAL + MEDIUM_AQUAMARINE -> LIGHT_SEA_GREEN (100%); TEAL + PALE_TURQUOISE -> LIGHT_SEA_GREEN (95%); TURQUOISE + CADET_BLUE -> LIGHT_SEA_GREEN (110%); TURQUOISE + GRAY -> LIGHT_SEA_GREEN (95%); TURQUOISE + SLATE_GRAY -> LIGHT_SEA_GREEN (95%); TURQUOISE + TEAL -> LIGHT_SEA_GREEN (100%); VIOLET + SPRING_GREEN -> LIGHT_SEA_GREEN (70%); YELLOW_GREEN + DODGER_BLUE -> LIGHT_SEA_GREEN (55%)
binnie-botany	2.6.32	binnie-mods-2.6.32.jar	5eb7ec5500ca846944f0e547706eb3735d5fe9996176fca57f97c178a872325b	binnie.botany.genetics.EnumFlowerColor.setupMutations	LIGHT_STEEL_BLUE	LAVENDER + DODGER_BLUE -> LIGHT_STEEL_BLUE (95%); LIGHT_GRAY + DARK_GRAY -> LIGHT_STEEL_BLUE (115%); MEDIUM_ORCHID + AQUAMARINE -> LIGHT_STEEL_BLUE (70%); MISTY_ROSE + DODGER_BLUE -> LIGHT_STEEL_BLUE (85%); PALE_TURQUOISE + MEDIUM_PURPLE -> LIGHT_STEEL_BLUE (85%); PINK + DODGER_BLUE -> LIGHT_STEEL_BLUE (85%); PLUM + CADET_BLUE -> LIGHT_STEEL_BLUE (90%); PLUM + MEDIUM_AQUAMARINE -> LIGHT_STEEL_BLUE (85%); ROYAL_BLUE + LAVENDER -> LIGHT_STEEL_BLUE (85%); ROYAL_BLUE + LEMON_CHIFFON -> LIGHT_STEEL_BLUE (65%); ROYAL_BLUE + LIGHT_GRAY -> LIGHT_STEEL_BLUE (85%); ROYAL_BLUE + MISTY_ROSE -> LIGHT_STEEL_BLUE (80%); SKY_BLUE + DARK_GRAY -> LIGHT_STEEL_BLUE (105%); SKY_BLUE + LAVENDER -> LIGHT_STEEL_BLUE (105%); SKY_BLUE + LIGHT_GRAY -> LIGHT_STEEL_BLUE (110%); SKY_BLUE + MEDIUM_PURPLE -> LIGHT_STEEL_BLUE (95%); SKY_BLUE + MISTY_ROSE -> LIGHT_STEEL_BLUE (90%); SKY_BLUE + PINK -> LIGHT_STEEL_BLUE (85%); SKY_BLUE + PLUM -> LIGHT_STEEL_BLUE (90%); SKY_BLUE + ROSY_BROWN -> LIGHT_STEEL_BLUE (85%); SLATE_BLUE + LAVENDER -> LIGHT_STEEL_BLUE (85%); SLATE_BLUE + PALE_TURQUOISE -> LIGHT_STEEL_BLUE (80%); SLATE_GRAY + LAVENDER -> LIGHT_STEEL_BLUE (95%); STEEL_BLUE + LAVENDER -> LIGHT_STEEL_BLUE (90%); STEEL_BLUE + LIGHT_GRAY -> LIGHT_STEEL_BLUE (95%); STEEL_BLUE + MISTY_ROSE -> LIGHT_STEEL_BLUE (85%); STEEL_BLUE + PINK -> LIGHT_STEEL_BLUE (85%); THISTLE + CADET_BLUE -> LIGHT_STEEL_BLUE (90%); THISTLE + DODGER_BLUE -> LIGHT_STEEL_BLUE (90%); THISTLE + PALE_TURQUOISE -> LIGHT_STEEL_BLUE (90%); THISTLE + SKY_BLUE -> LIGHT_STEEL_BLUE (90%); THISTLE + STEEL_BLUE -> LIGHT_STEEL_BLUE (90%); TURQUOISE + HOT_PINK -> LIGHT_STEEL_BLUE (65%); VIOLET + AQUAMARINE -> LIGHT_STEEL_BLUE (75%); VIOLET + TURQUOISE -> LIGHT_STEEL_BLUE (75%); WHEAT + ROYAL_BLUE -> LIGHT_STEEL_BLUE (70%); WHITE + ROYAL_BLUE -> LIGHT_STEEL_BLUE (80%); WHITE + SLATE_BLUE -> LIGHT_STEEL_BLUE (75%); WHITE + STEEL_BLUE -> LIGHT_STEEL_BLUE (85%)
binnie-botany	2.6.32	binnie-mods-2.6.32.jar	5eb7ec5500ca846944f0e547706eb3735d5fe9996176fca57f97c178a872325b	binnie.botany.genetics.EnumFlowerColor.setupMutations	LIME	SPRING_GREEN + GOLD -> LIME (90%); SPRING_GREEN + LIME_GREEN -> LIME (115%); SPRING_GREEN + PALE_GREEN -> LIME (120%); YELLOW + SPRING_GREEN -> LIME (100%); YELLOW_GREEN + LIME_GREEN -> LIME (115%)
binnie-botany	2.6.32	binnie-mods-2.6.32.jar	5eb7ec5500ca846944f0e547706eb3735d5fe9996176fca57f97c178a872325b	binnie.botany.genetics.EnumFlowerColor.setupMutations	LIME_GREEN	GOLD + DARK_TURQUOISE -> LIME_GREEN (80%); LIME + CADET_BLUE -> LIME_GREEN (85%); LIME + DARK_GOLDENROD -> LIME_GREEN (80%); LIME + DARK_GRAY -> LIME_GREEN (90%); LIME + DARK_GREEN -> LIME_GREEN (80%); LIME + DARK_KHAKI -> LIME_GREEN (100%); LIME + DARK_OLIVE_GREEN -> LIME_GREEN (85%); LIME + DARK_SALMON -> LIME_GREEN (65%); LIME + DARK_SEA_GREEN -> LIME_GREEN (105%); LIME + DIM_GRAY -> LIME_GREEN (80%); LIME + GOLDENROD -> LIME_GREEN (85%); LIME + GRAY -> LIME_GREEN (85%); LIME + GREEN -> LIME_GREEN (90%); LIME + INDIAN_RED -> LIME_GREEN (45%); LIME + LIGHT_SEA_GREEN -> LIME_GREEN (90%); MEDIUM_AQUAMARINE + LIME -> LIME_GREEN (100%); MEDIUM_SEA_GREEN + LIME -> LIME_GREEN (105%); OLIVE + LIME -> LIME_GREEN (90%); OLIVE_DRAB + LIME -> LIME_GREEN (95%); PALE_GREEN + GREEN -> LIME_GREEN (90%); PALE_GREEN + MEDIUM_SEA_GREEN -> LIME_GREEN (110%); PALE_GREEN + OLIVE_DRAB -> LIME_GREEN (95%); PERU + LIME -> LIME_GREEN (75%); PINK + LIME -> LIME_GREEN (60%); PLUM + LIME -> LIME_GREEN (45%); ROSY_BROWN + LIME -> LIME_GREEN (65%); SEA_GREEN + LIME -> LIME_GREEN (95%); SLATE_GRAY + LIME -> LIME_GREEN (75%); SPRING_GREEN + CHOCOLATE -> LIME_GREEN (60%); SPRING_GREEN + DARK_GOLDENROD -> LIME_GREEN (80%); SPRING_GREEN + DARK_KHAKI -> LIME_GREEN (100%); SPRING_GREEN + GOLDENROD -> LIME_GREEN (85%); SPRING_GREEN + GREEN -> LIME_GREEN (90%); SPRING_GREEN + MEDIUM_SEA_GREEN -> LIME_GREEN (110%); SPRING_GREEN + OLIVE -> LIME_GREEN (90%); SPRING_GREEN + OLIVE_DRAB -> LIME_GREEN (95%); SPRING_GREEN + PERU -> LIME_GREEN (75%); SPRING_GREEN + SANDY_BROWN -> LIME_GREEN (75%); TAN + LIME -> LIME_GREEN (90%); TEAL + LIME -> LIME_GREEN (80%); THISTLE + LIME -> LIME_GREEN (65%); YELLOW_GREEN + DARK_SEA_GREEN -> LIME_GREEN (110%); YELLOW_GREEN + LIME -> LIME_GREEN (110%); YELLOW_GREEN + MEDIUM_AQUAMARINE -> LIME_GREEN (105%); YELLOW_GREEN + MEDIUM_SEA_GREEN -> LIME_GREEN (110%); YELLOW_GREEN + OLIVE_DRAB -> LIME_GREEN (110%); YELLOW_GREEN + PALE_GREEN -> LIME_GREEN (110%); YELLOW_GREEN + SPRING_GREEN -> LIME_GREEN (110%)
binnie-botany	2.6.32	binnie-mods-2.6.32.jar	5eb7ec5500ca846944f0e547706eb3735d5fe9996176fca57f97c178a872325b	binnie.botany.genetics.EnumFlowerColor.setupMutations	MAGENTA	RED + BLUE -> MAGENTA (70%); VIOLET + MEDIUM_ORCHID -> MAGENTA (115%)
binnie-botany	2.6.32	binnie-mods-2.6.32.jar	5eb7ec5500ca846944f0e547706eb3735d5fe9996176fca57f97c178a872325b	binnie.botany.genetics.EnumFlowerColor.setupMutations	MAROON	BROWN + BLACK -> MAROON (90%); CRIMSON + BLACK -> MAROON (80%); INDIAN_RED + BLACK -> MAROON (80%); RED + BLACK -> MAROON (75%); RED + DARK_GREEN -> MAROON (55%); SIENNA + BROWN -> MAROON (115%)
binnie-botany	2.6.32	binnie-mods-2.6.32.jar	5eb7ec5500ca846944f0e547706eb3735d5fe9996176fca57f97c178a872325b	binnie.botany.genetics.EnumFlowerColor.setupMutations	MEDIUM_AQUAMARINE	CADET_BLUE + AQUAMARINE -> MEDIUM_AQUAMARINE (100%); CYAN + CHOCOLATE -> MEDIUM_AQUAMARINE (65%); CYAN + CORAL -> MEDIUM_AQUAMARINE (65%); DARK_GRAY + AQUAMARINE -> MEDIUM_AQUAMARINE (95%); DARK_KHAKI + CYAN -> MEDIUM_AQUAMARINE (90%); DARK_SALMON + CYAN -> MEDIUM_AQUAMARINE (75%); DARK_SEA_GREEN + AQUAMARINE -> MEDIUM_AQUAMARINE (110%); DARK_SEA_GREEN + CADET_BLUE -> MEDIUM_AQUAMARINE (105%); DARK_TURQUOISE + DARK_KHAKI -> MEDIUM_AQUAMARINE (95%); DARK_TURQUOISE + DARK_SEA_GREEN -> MEDIUM_AQUAMARINE (105%); DIM_GRAY + AQUAMARINE -> MEDIUM_AQUAMARINE (80%); GOLDENROD + CYAN -> MEDIUM_AQUAMARINE (80%); GRAY + AQUAMARINE -> MEDIUM_AQUAMARINE (90%); KHAKI + DARK_TURQUOISE -> MEDIUM_AQUAMARINE (90%); LIGHT_SEA_GREEN + DARK_SEA_GREEN -> MEDIUM_AQUAMARINE (110%); LIGHT_SEA_GREEN + LEMON_CHIFFON -> MEDIUM_AQUAMARINE (95%); LIGHT_STEEL_BLUE + DARK_SEA_GREEN -> MEDIUM_AQUAMARINE (95%); LIME_GREEN + DEEP_SKY_BLUE -> MEDIUM_AQUAMARINE (70%); MEDIUM_SEA_GREEN + AQUAMARINE -> MEDIUM_AQUAMARINE (105%); MEDIUM_SEA_GREEN + CYAN -> MEDIUM_AQUAMARINE (100%); MEDIUM_SEA_GREEN + DARK_SEA_GREEN -> MEDIUM_AQUAMARINE (115%); MEDIUM_SEA_GREEN + DARK_TURQUOISE -> MEDIUM_AQUAMARINE (105%); MEDIUM_SEA_GREEN + LAVENDER -> MEDIUM_AQUAMARINE (90%); MEDIUM_SEA_GREEN + LIGHT_GRAY -> MEDIUM_AQUAMARINE (95%); MEDIUM_SEA_GREEN + LIGHT_SEA_GREEN -> MEDIUM_AQUAMARINE (110%); MEDIUM_SEA_GREEN + LIGHT_STEEL_BLUE -> MEDIUM_AQUAMARINE (90%); OLIVE_DRAB + CYAN -> MEDIUM_AQUAMARINE (85%); PALE_GREEN + CADET_BLUE -> MEDIUM_AQUAMARINE (95%); PALE_GREEN + DARK_SEA_GREEN -> MEDIUM_AQUAMARINE (110%); PALE_GREEN + DARK_TURQUOISE -> MEDIUM_AQUAMARINE (95%); PALE_GREEN + LIGHT_SEA_GREEN -> MEDIUM_AQUAMARINE (100%); PALE_GREEN + LIGHT_STEEL_BLUE -> MEDIUM_AQUAMARINE (90%); PALE_TURQUOISE + DARK_SEA_GREEN -> MEDIUM_AQUAMARINE (105%); PALE_TURQUOISE + MEDIUM_SEA_GREEN -> MEDIUM_AQUAMARINE (100%); PERU + CYAN -> MEDIUM_AQUAMARINE (75%); SANDY_BROWN + CYAN -> MEDIUM_AQUAMARINE (75%); SEA_GREEN + AQUAMARINE -> MEDIUM_AQUAMARINE (95%); SEA_GREEN + CYAN -> MEDIUM_AQUAMARINE (90%); SEA_GREEN + LAVENDER -> MEDIUM_AQUAMARINE (85%); SEA_GREEN + PALE_TURQUOISE -> MEDIUM_AQUAMARINE (90%); SKY_BLUE + DARK_SEA_GREEN -> MEDIUM_AQUAMARINE (95%); SKY_BLUE + LIME_GREEN -> MEDIUM_AQUAMARINE (80%); SKY_BLUE + MEDIUM_SEA_GREEN -> MEDIUM_AQUAMARINE (90%); SKY_BLUE + PALE_GREEN -> MEDIUM_AQUAMARINE (85%); SLATE_GRAY + AQUAMARINE -> MEDIUM_AQUAMARINE (85%); SPRING_GREEN + CADET_BLUE -> MEDIUM_AQUAMARINE (90%); SPRING_GREEN + DARK_GRAY -> MEDIUM_AQUAMARINE (95%); SPRING_GREEN + DARK_TURQUOISE -> MEDIUM_AQUAMARINE (95%); SPRING_GREEN + LIGHT_SEA_GREEN -> MEDIUM_AQUAMARINE (95%); SPRING_GREEN + LIGHT_STEEL_BLUE -> MEDIUM_AQUAMARINE (85%); SPRING_GREEN + PINK -> MEDIUM_AQUAMARINE (65%); SPRING_GREEN + PLUM -> MEDIUM_AQUAMARINE (75%); STEEL_BLUE + PALE_GREEN -> MEDIUM_AQUAMARINE (70%); STEEL_BLUE + SPRING_GREEN -> MEDIUM_AQUAMARINE (70%); TAN + DARK_TURQUOISE -> MEDIUM_AQUAMARINE (90%); TAN + LIGHT_SEA_GREEN -> MEDIUM_AQUAMARINE (95%); TEAL + LEMON_CHIFFON -> MEDIUM_AQUAMARINE (80%); THISTLE + SPRING_GREEN -> MEDIUM_AQUAMARINE (85%); TURQUOISE + AQUAMARINE -> MEDIUM_AQUAMARINE (115%); TURQUOISE + DARK_KHAKI -> MEDIUM_AQUAMARINE (95%); TURQUOISE + DARK_SEA_GREEN -> MEDIUM_AQUAMARINE (110%); TURQUOISE + KHAKI -> MEDIUM_AQUAMARINE (95%); TURQUOISE + MEDIUM_SEA_GREEN -> MEDIUM_AQUAMARINE (110%); TURQUOISE + SEA_GREEN -> MEDIUM_AQUAMARINE (100%); TURQUOISE + TAN -> MEDIUM_AQUAMARINE (95%); WHEAT + DARK_TURQUOISE -> MEDIUM_AQUAMARINE (90%); WHEAT + LIGHT_SEA_GREEN -> MEDIUM_AQUAMARINE (90%); WHEAT + TURQUOISE -> MEDIUM_AQUAMARINE (95%); WHITE + MEDIUM_SEA_GREEN -> MEDIUM_AQUAMARINE (90%); YELLOW_GREEN + DEEP_SKY_BLUE -> MEDIUM_AQUAMARINE (70%)
binnie-botany	2.6.32	binnie-mods-2.6.32.jar	5eb7ec5500ca846944f0e547706eb3735d5fe9996176fca57f97c178a872325b	binnie.botany.genetics.EnumFlowerColor.setupMutations	MEDIUM_ORCHID	DARK_VIOLET + DARK_GRAY -> MEDIUM_ORCHID (85%); DARK_VIOLET + DARK_KHAKI -> MEDIUM_ORCHID (50%); DARK_VIOLET + DARK_SALMON -> MEDIUM_ORCHID (75%); DARK_VIOLET + DARK_SEA_GREEN -> MEDIUM_ORCHID (70%); HOT_PINK + DARK_SLATE_BLUE -> MEDIUM_ORCHID (85%); HOT_PINK + DARK_VIOLET -> MEDIUM_ORCHID (95%); LAVENDER + DARK_VIOLET -> MEDIUM_ORCHID (75%); LIGHT_GRAY + DARK_VIOLET -> MEDIUM_ORCHID (75%); LIGHT_SEA_GREEN + DEEP_PINK -> MEDIUM_ORCHID (65%); MAGENTA + CADET_BLUE -> MEDIUM_ORCHID (95%); MAGENTA + DARK_GRAY -> MEDIUM_ORCHID (95%); MAGENTA + DARK_SEA_GREEN -> MEDIUM_ORCHID (50%); MAGENTA + DARK_VIOLET -> MEDIUM_ORCHID (105%); MAGENTA + DIM_GRAY -> MEDIUM_ORCHID (90%); MAGENTA + GRAY -> MEDIUM_ORCHID (95%); MAGENTA + LIGHT_STEEL_BLUE -> MEDIUM_ORCHID (95%); MEDIUM_AQUAMARINE + MAGENTA -> MEDIUM_ORCHID (75%); MEDIUM_PURPLE + DEEP_PINK -> MEDIUM_ORCHID (100%); MEDIUM_PURPLE + HOT_PINK -> MEDIUM_ORCHID (105%); MEDIUM_PURPLE + MAGENTA -> MEDIUM_ORCHID (110%); MEDIUM_SEA_GREEN + MAGENTA -> MEDIUM_ORCHID (70%); MEDIUM_VIOLET_RED + LIGHT_STEEL_BLUE -> MEDIUM_ORCHID (80%); MEDIUM_VIOLET_RED + MAGENTA -> MEDIUM_ORCHID (105%); MEDIUM_VIOLET_RED + MEDIUM_PURPLE -> MEDIUM_ORCHID (105%); MISTY_ROSE + INDIGO -> MEDIUM_ORCHID (50%); PALE_VIOLET_RED + DARK_VIOLET -> MEDIUM_ORCHID (95%); PALE_VIOLET_RED + MAGENTA -> MEDIUM_ORCHID (105%); PALE_VIOLET_RED + MEDIUM_PURPLE -> MEDIUM_ORCHID (100%); PINK + DARK_VIOLET -> MEDIUM_ORCHID (80%); PINK + INDIGO -> MEDIUM_ORCHID (60%); PLUM + DARK_VIOLET -> MEDIUM_ORCHID (90%); PLUM + INDIGO -> MEDIUM_ORCHID (70%); PLUM + MEDIUM_VIOLET_RED -> MEDIUM_ORCHID (100%); PURPLE + LAVENDER -> MEDIUM_ORCHID (65%); PURPLE + LIGHT_GRAY -> MEDIUM_ORCHID (70%); PURPLE + LIGHT_STEEL_BLUE -> MEDIUM_ORCHID (70%); PURPLE + PINK -> MEDIUM_ORCHID (70%); PURPLE + PLUM -> MEDIUM_ORCHID (80%); ROSY_BROWN + DARK_VIOLET -> MEDIUM_ORCHID (85%); ROSY_BROWN + MAGENTA -> MEDIUM_ORCHID (95%); SKY_BLUE + DEEP_PINK -> MEDIUM_ORCHID (65%); SKY_BLUE + MAGENTA -> MEDIUM_ORCHID (85%); SKY_BLUE + MEDIUM_VIOLET_RED -> MEDIUM_ORCHID (70%); SLATE_BLUE + DEEP_PINK -> MEDIUM_ORCHID (95%); SLATE_BLUE + HOT_PINK -> MEDIUM_ORCHID (95%); SLATE_BLUE + INDIAN_RED -> MEDIUM_ORCHID (90%); SLATE_BLUE + MAGENTA -> MEDIUM_ORCHID (100%); SLATE_BLUE + PALE_VIOLET_RED -> MEDIUM_ORCHID (95%); SLATE_GRAY + MAGENTA -> MEDIUM_ORCHID (100%); STEEL_BLUE + DEEP_PINK -> MEDIUM_ORCHID (80%); STEEL_BLUE + MAGENTA -> MEDIUM_ORCHID (85%); TAN + DARK_VIOLET -> MEDIUM_ORCHID (65%); THISTLE + DARK_VIOLET -> MEDIUM_ORCHID (85%); THISTLE + INDIGO -> MEDIUM_ORCHID (60%); THISTLE + PURPLE -> MEDIUM_ORCHID (75%); VIOLET + DARK_SLATE_BLUE -> MEDIUM_ORCHID (85%); VIOLET + DARK_VIOLET -> MEDIUM_ORCHID (95%); VIOLET + DIM_GRAY -> MEDIUM_ORCHID (90%); VIOLET + MAGENTA -> MEDIUM_ORCHID (115%); VIOLET + MEDIUM_PURPLE -> MEDIUM_ORCHID (110%); VIOLET + MEDIUM_VIOLET_RED -> MEDIUM_ORCHID (100%); VIOLET + PURPLE -> MEDIUM_ORCHID (85%); WHEAT + DARK_VIOLET -> MEDIUM_ORCHID (60%)
binnie-botany	2.6.32	binnie-mods-2.6.32.jar	5eb7ec5500ca846944f0e547706eb3735d5fe9996176fca57f97c178a872325b	binnie.botany.genetics.EnumFlowerColor.setupMutations	MEDIUM_PURPLE	DARK_VIOLET + AQUAMARINE -> MEDIUM_PURPLE (60%); DEEP_PINK + CYAN -> MEDIUM_PURPLE (45%); DEEP_PINK + DARK_TURQUOISE -> MEDIUM_PURPLE (55%); DEEP_SKY_BLUE + DEEP_PINK -> MEDIUM_PURPLE (55%); HOT_PINK + DODGER_BLUE -> MEDIUM_PURPLE (85%); INDIAN_RED + DODGER_BLUE -> MEDIUM_PURPLE (80%); LAVENDER + BLUE -> MEDIUM_PURPLE (65%); LAVENDER + DARK_SLATE_BLUE -> MEDIUM_PURPLE (70%); LAVENDER + INDIGO -> MEDIUM_PURPLE (55%); LEMON_CHIFFON + BLUE -> MEDIUM_PURPLE (45%); LIGHT_GRAY + INDIGO -> MEDIUM_PURPLE (55%); LIGHT_STEEL_BLUE + DARK_SLATE_BLUE -> MEDIUM_PURPLE (80%); LIGHT_STEEL_BLUE + DARK_VIOLET -> MEDIUM_PURPLE (85%); MAGENTA + CYAN -> MEDIUM_PURPLE (65%); MAGENTA + DARK_TURQUOISE -> MEDIUM_PURPLE (75%); MAGENTA + DEEP_SKY_BLUE -> MEDIUM_PURPLE (70%); MAGENTA + LIGHT_SEA_GREEN -> MEDIUM_PURPLE (80%); MEDIUM_ORCHID + CADET_BLUE -> MEDIUM_PURPLE (95%); MEDIUM_ORCHID + DIM_GRAY -> MEDIUM_PURPLE (95%); MEDIUM_ORCHID + GRAY -> MEDIUM_PURPLE (100%); MISTY_ROSE + BLUE -> MEDIUM_PURPLE (65%); PALE_GREEN + DARK_VIOLET -> MEDIUM_PURPLE (55%); PALE_TURQUOISE + DARK_VIOLET -> MEDIUM_PURPLE (75%); PALE_TURQUOISE + INDIGO -> MEDIUM_PURPLE (50%); PALE_VIOLET_RED + DODGER_BLUE -> MEDIUM_PURPLE (85%); PLUM + DARK_SLATE_BLUE -> MEDIUM_PURPLE (80%); PURPLE + AQUAMARINE -> MEDIUM_PURPLE (50%); PURPLE + PALE_TURQUOISE -> MEDIUM_PURPLE (65%); ROYAL_BLUE + DARK_SALMON -> MEDIUM_PURPLE (80%); ROYAL_BLUE + HOT_PINK -> MEDIUM_PURPLE (90%); ROYAL_BLUE + INDIAN_RED -> MEDIUM_PURPLE (85%); ROYAL_BLUE + PALE_VIOLET_RED -> MEDIUM_PURPLE (90%); ROYAL_BLUE + PINK -> MEDIUM_PURPLE (85%); ROYAL_BLUE + PLUM -> MEDIUM_PURPLE (95%); ROYAL_BLUE + ROSY_BROWN -> MEDIUM_PURPLE (90%); SALMON + DODGER_BLUE -> MEDIUM_PURPLE (80%); SALMON + ROYAL_BLUE -> MEDIUM_PURPLE (80%); SKY_BLUE + DARK_VIOLET -> MEDIUM_PURPLE (80%); SKY_BLUE + MEDIUM_ORCHID -> MEDIUM_PURPLE (90%); SKY_BLUE + PURPLE -> MEDIUM_PURPLE (65%); SLATE_BLUE + DARK_GRAY -> MEDIUM_PURPLE (90%); SLATE_BLUE + GRAY -> MEDIUM_PURPLE (100%); SLATE_BLUE + LIGHT_GRAY -> MEDIUM_PURPLE (85%); SLATE_BLUE + LIGHT_STEEL_BLUE -> MEDIUM_PURPLE (95%); SLATE_BLUE + MEDIUM_ORCHID -> MEDIUM_PURPLE (110%); SLATE_BLUE + PLUM -> MEDIUM_PURPLE (95%); SLATE_BLUE + ROSY_BROWN -> MEDIUM_PURPLE (90%); SLATE_BLUE + ROYAL_BLUE -> MEDIUM_PURPLE (120%); SLATE_GRAY + MEDIUM_ORCHID -> MEDIUM_PURPLE (110%); SLATE_GRAY + SLATE_BLUE -> MEDIUM_PURPLE (115%); SPRING_GREEN + MAGENTA -> MEDIUM_PURPLE (60%); STEEL_BLUE + HOT_PINK -> MEDIUM_PURPLE (80%); STEEL_BLUE + MEDIUM_ORCHID -> MEDIUM_PURPLE (95%); STEEL_BLUE + PLUM -> MEDIUM_PURPLE (90%); THISTLE + DARK_SLATE_BLUE -> MEDIUM_PURPLE (75%); THISTLE + ROYAL_BLUE -> MEDIUM_PURPLE (90%); THISTLE + SLATE_BLUE -> MEDIUM_PURPLE (90%); TURQUOISE + DEEP_PINK -> MEDIUM_PURPLE (55%); TURQUOISE + MAGENTA -> MEDIUM_PURPLE (75%); TURQUOISE + MEDIUM_VIOLET_RED -> MEDIUM_PURPLE (60%); VIOLET + DARK_SLATE_GRAY -> MEDIUM_PURPLE (80%); VIOLET + DODGER_BLUE -> MEDIUM_PURPLE (90%); VIOLET + ROYAL_BLUE -> MEDIUM_PURPLE (95%); VIOLET + SLATE_BLUE -> MEDIUM_PURPLE (100%); VIOLET + STEEL_BLUE -> MEDIUM_PURPLE (90%); VIOLET + TEAL -> MEDIUM_PURPLE (80%); WHEAT + BLUE -> MEDIUM_PURPLE (50%); WHITE + BLUE -> MEDIUM_PURPLE (60%); WHITE + INDIGO -> MEDIUM_PURPLE (50%)
binnie-botany	2.6.32	binnie-mods-2.6.32.jar	5eb7ec5500ca846944f0e547706eb3735d5fe9996176fca57f97c178a872325b	binnie.botany.genetics.EnumFlowerColor.setupMutations	MEDIUM_SEA_GREEN	DARK_GOLDENROD + CYAN -> MEDIUM_SEA_GREEN (75%); DARK_GREEN + AQUAMARINE -> MEDIUM_SEA_GREEN (75%); DARK_GREEN + CYAN -> MEDIUM_SEA_GREEN (70%); DARK_OLIVE_GREEN + AQUAMARINE -> MEDIUM_SEA_GREEN (80%); DARK_TURQUOISE + DARK_GOLDENROD -> MEDIUM_SEA_GREEN (80%); DEEP_SKY_BLUE + DARK_GOLDENROD -> MEDIUM_SEA_GREEN (70%); GOLDENROD + DARK_TURQUOISE -> MEDIUM_SEA_GREEN (80%); GREEN + AQUAMARINE -> MEDIUM_SEA_GREEN (85%); GREEN + CYAN -> MEDIUM_SEA_GREEN (80%); GREEN + DARK_SEA_GREEN -> MEDIUM_SEA_GREEN (100%); GREEN + DARK_TURQUOISE -> MEDIUM_SEA_GREEN (85%); LIGHT_GRAY + GREEN -> MEDIUM_SEA_GREEN (85%); LIGHT_STEEL_BLUE + GREEN -> MEDIUM_SEA_GREEN (75%); LIME + DARK_SLATE_BLUE -> MEDIUM_SEA_GREEN (50%); LIME + DARK_SLATE_GRAY -> MEDIUM_SEA_GREEN (65%); LIME + DODGER_BLUE -> MEDIUM_SEA_GREEN (55%); LIME_GREEN + CADET_BLUE -> MEDIUM_SEA_GREEN (95%); LIME_GREEN + DARK_GRAY -> MEDIUM_SEA_GREEN (95%); LIME_GREEN + DARK_SEA_GREEN -> MEDIUM_SEA_GREEN (110%); LIME_GREEN + DARK_TURQUOISE -> MEDIUM_SEA_GREEN (95%); LIME_GREEN + GRAY -> MEDIUM_SEA_GREEN (90%); LIME_GREEN + GREEN -> MEDIUM_SEA_GREEN (105%); LIME_GREEN + LIGHT_SEA_GREEN -> MEDIUM_SEA_GREEN (100%); MEDIUM_AQUAMARINE + DARK_SEA_GREEN -> MEDIUM_SEA_GREEN (115%); MEDIUM_AQUAMARINE + GREEN -> MEDIUM_SEA_GREEN (95%); MEDIUM_AQUAMARINE + LIME_GREEN -> MEDIUM_SEA_GREEN (110%); MEDIUM_PURPLE + LIME -> MEDIUM_SEA_GREEN (60%); OLIVE + CYAN -> MEDIUM_SEA_GREEN (80%); OLIVE + DARK_TURQUOISE -> MEDIUM_SEA_GREEN (85%); OLIVE + DEEP_SKY_BLUE -> MEDIUM_SEA_GREEN (70%); OLIVE_DRAB + DARK_SEA_GREEN -> MEDIUM_SEA_GREEN (110%); OLIVE_DRAB + DARK_TURQUOISE -> MEDIUM_SEA_GREEN (90%); OLIVE_DRAB + LIGHT_SEA_GREEN -> MEDIUM_SEA_GREEN (95%); OLIVE_DRAB + LIME_GREEN -> MEDIUM_SEA_GREEN (105%); OLIVE_DRAB + MEDIUM_AQUAMARINE -> MEDIUM_SEA_GREEN (100%); PALE_GREEN + DARK_GREEN -> MEDIUM_SEA_GREEN (80%); PALE_GREEN + DARK_SLATE_GRAY -> MEDIUM_SEA_GREEN (70%); PALE_TURQUOISE + DARK_GREEN -> MEDIUM_SEA_GREEN (75%); PALE_TURQUOISE + GREEN -> MEDIUM_SEA_GREEN (80%); PERU + DARK_TURQUOISE -> MEDIUM_SEA_GREEN (80%); ROYAL_BLUE + LIME -> MEDIUM_SEA_GREEN (55%); SEA_GREEN + DARK_SEA_GREEN -> MEDIUM_SEA_GREEN (110%); SEA_GREEN + LIGHT_SEA_GREEN -> MEDIUM_SEA_GREEN (105%); SEA_GREEN + LIME_GREEN -> MEDIUM_SEA_GREEN (105%); SEA_GREEN + MEDIUM_AQUAMARINE -> MEDIUM_SEA_GREEN (105%); SEA_GREEN + PALE_GREEN -> MEDIUM_SEA_GREEN (95%); SKY_BLUE + GREEN -> MEDIUM_SEA_GREEN (75%); SLATE_BLUE + LIME -> MEDIUM_SEA_GREEN (55%); SLATE_GRAY + LIME_GREEN -> MEDIUM_SEA_GREEN (85%); SPRING_GREEN + DARK_GREEN -> MEDIUM_SEA_GREEN (80%); SPRING_GREEN + DARK_OLIVE_GREEN -> MEDIUM_SEA_GREEN (85%); SPRING_GREEN + DARK_SLATE_GRAY -> MEDIUM_SEA_GREEN (65%); SPRING_GREEN + DIM_GRAY -> MEDIUM_SEA_GREEN (80%); SPRING_GREEN + GRAY -> MEDIUM_SEA_GREEN (85%); SPRING_GREEN + INDIAN_RED -> MEDIUM_SEA_GREEN (45%); SPRING_GREEN + ROSY_BROWN -> MEDIUM_SEA_GREEN (70%); SPRING_GREEN + SEA_GREEN -> MEDIUM_SEA_GREEN (95%); SPRING_GREEN + SIENNA -> MEDIUM_SEA_GREEN (55%); SPRING_GREEN + SLATE_GRAY -> MEDIUM_SEA_GREEN (80%); STEEL_BLUE + LIME -> MEDIUM_SEA_GREEN (65%); STEEL_BLUE + LIME_GREEN -> MEDIUM_SEA_GREEN (70%); TEAL + LIME_GREEN -> MEDIUM_SEA_GREEN (90%); TEAL + PALE_GREEN -> MEDIUM_SEA_GREEN (85%); TEAL + SPRING_GREEN -> MEDIUM_SEA_GREEN (85%); THISTLE + GREEN -> MEDIUM_SEA_GREEN (65%); TURQUOISE + DARK_GREEN -> MEDIUM_SEA_GREEN (80%); TURQUOISE + DARK_OLIVE_GREEN -> MEDIUM_SEA_GREEN (85%); TURQUOISE + GREEN -> MEDIUM_SEA_GREEN (90%); TURQUOISE + LIME_GREEN -> MEDIUM_SEA_GREEN (100%); TURQUOISE + OLIVE -> MEDIUM_SEA_GREEN (85%); TURQUOISE + OLIVE_DRAB -> MEDIUM_SEA_GREEN (90%); YELLOW_GREEN + DARK_TURQUOISE -> MEDIUM_SEA_GREEN (90%); YELLOW_GREEN + LIGHT_SEA_GREEN -> MEDIUM_SEA_GREEN (95%); YELLOW_GREEN + SEA_GREEN -> MEDIUM_SEA_GREEN (100%); YELLOW_GREEN + TEAL -> MEDIUM_SEA_GREEN (85%)
binnie-botany	2.6.32	binnie-mods-2.6.32.jar	5eb7ec5500ca846944f0e547706eb3735d5fe9996176fca57f97c178a872325b	binnie.botany.genetics.EnumFlowerColor.setupMutations	MEDIUM_VIOLET_RED	DARK_SLATE_BLUE + CRIMSON -> MEDIUM_VIOLET_RED (90%); DARK_VIOLET + CHOCOLATE -> MEDIUM_VIOLET_RED (70%); DARK_VIOLET + CORAL -> MEDIUM_VIOLET_RED (75%); DARK_VIOLET + CRIMSON -> MEDIUM_VIOLET_RED (90%); DARK_VIOLET + DARK_GOLDENROD -> MEDIUM_VIOLET_RED (55%); DEEP_PINK + CADET_BLUE -> MEDIUM_VIOLET_RED (80%); DEEP_PINK + DARK_OLIVE_GREEN -> MEDIUM_VIOLET_RED (60%); DEEP_PINK + DARK_SLATE_BLUE -> MEDIUM_VIOLET_RED (90%); DEEP_PINK + DARK_SLATE_GRAY -> MEDIUM_VIOLET_RED (90%); DEEP_PINK + DARK_VIOLET -> MEDIUM_VIOLET_RED (100%); DIM_GRAY + DEEP_PINK -> MEDIUM_VIOLET_RED (95%); GOLDENROD + DARK_VIOLET -> MEDIUM_VIOLET_RED (50%); GRAY + DEEP_PINK -> MEDIUM_VIOLET_RED (95%); INDIAN_RED + DARK_SLATE_BLUE -> MEDIUM_VIOLET_RED (90%); INDIAN_RED + DARK_VIOLET -> MEDIUM_VIOLET_RED (90%); INDIGO + CORAL -> MEDIUM_VIOLET_RED (65%); INDIGO + DARK_SALMON -> MEDIUM_VIOLET_RED (65%); INDIGO + HOT_PINK -> MEDIUM_VIOLET_RED (80%); MAGENTA + BROWN -> MEDIUM_VIOLET_RED (85%); MAGENTA + DARK_OLIVE_GREEN -> MEDIUM_VIOLET_RED (50%); MAROON + MAGENTA -> MEDIUM_VIOLET_RED (75%); MEDIUM_ORCHID + BROWN -> MEDIUM_VIOLET_RED (90%); MEDIUM_ORCHID + CRIMSON -> MEDIUM_VIOLET_RED (95%); MEDIUM_ORCHID + DEEP_PINK -> MEDIUM_VIOLET_RED (110%); MEDIUM_ORCHID + INDIAN_RED -> MEDIUM_VIOLET_RED (95%); MEDIUM_ORCHID + MAROON -> MEDIUM_VIOLET_RED (80%); MEDIUM_PURPLE + BROWN -> MEDIUM_VIOLET_RED (85%); MEDIUM_PURPLE + CRIMSON -> MEDIUM_VIOLET_RED (90%); OLIVE + DARK_VIOLET -> MEDIUM_VIOLET_RED (50%); OLIVE + MAGENTA -> MEDIUM_VIOLET_RED (45%); PALE_VIOLET_RED + DARK_SLATE_BLUE -> MEDIUM_VIOLET_RED (90%); PERU + DARK_VIOLET -> MEDIUM_VIOLET_RED (65%); PERU + INDIGO -> MEDIUM_VIOLET_RED (65%); PLUM + MAROON -> MEDIUM_VIOLET_RED (70%); PURPLE + BROWN -> MEDIUM_VIOLET_RED (95%); PURPLE + CORAL -> MEDIUM_VIOLET_RED (70%); PURPLE + CRIMSON -> MEDIUM_VIOLET_RED (95%); PURPLE + DARK_GRAY -> MEDIUM_VIOLET_RED (80%); PURPLE + DARK_SALMON -> MEDIUM_VIOLET_RED (75%); PURPLE + DEEP_PINK -> MEDIUM_VIOLET_RED (100%); PURPLE + HOT_PINK -> MEDIUM_VIOLET_RED (90%); PURPLE + INDIAN_RED -> MEDIUM_VIOLET_RED (90%); PURPLE + PALE_VIOLET_RED -> MEDIUM_VIOLET_RED (95%); PURPLE + PERU -> MEDIUM_VIOLET_RED (70%); RED + DARK_VIOLET -> MEDIUM_VIOLET_RED (80%); RED + DODGER_BLUE -> MEDIUM_VIOLET_RED (75%); RED + MEDIUM_PURPLE -> MEDIUM_VIOLET_RED (80%); ROSY_BROWN + PURPLE -> MEDIUM_VIOLET_RED (85%); ROYAL_BLUE + RED -> MEDIUM_VIOLET_RED (75%); SALMON + DARK_SLATE_BLUE -> MEDIUM_VIOLET_RED (75%); SALMON + DARK_VIOLET -> MEDIUM_VIOLET_RED (80%); SALMON + INDIGO -> MEDIUM_VIOLET_RED (70%); SALMON + PURPLE -> MEDIUM_VIOLET_RED (80%); SANDY_BROWN + DARK_VIOLET -> MEDIUM_VIOLET_RED (65%); SANDY_BROWN + INDIGO -> MEDIUM_VIOLET_RED (55%); SEA_GREEN + DEEP_PINK -> MEDIUM_VIOLET_RED (45%); SIENNA + MAGENTA -> MEDIUM_VIOLET_RED (80%); SIENNA + MEDIUM_ORCHID -> MEDIUM_VIOLET_RED (85%); SIENNA + PURPLE -> MEDIUM_VIOLET_RED (85%); SLATE_BLUE + CRIMSON -> MEDIUM_VIOLET_RED (90%); SLATE_BLUE + RED -> MEDIUM_VIOLET_RED (80%); SLATE_GRAY + CRIMSON -> MEDIUM_VIOLET_RED (90%); SLATE_GRAY + DEEP_PINK -> MEDIUM_VIOLET_RED (90%); STEEL_BLUE + CRIMSON -> MEDIUM_VIOLET_RED (80%); STEEL_BLUE + RED -> MEDIUM_VIOLET_RED (75%); TAN + PURPLE -> MEDIUM_VIOLET_RED (60%); VIOLET + MAROON -> MEDIUM_VIOLET_RED (70%)
binnie-botany	2.6.32	binnie-mods-2.6.32.jar	5eb7ec5500ca846944f0e547706eb3735d5fe9996176fca57f97c178a872325b	binnie.botany.genetics.EnumFlowerColor.setupMutations	MISTY_ROSE	PINK + LEMON_CHIFFON -> MISTY_ROSE (95%); PINK + LIGHT_GRAY -> MISTY_ROSE (105%); PLUM + KHAKI -> MISTY_ROSE (70%); PLUM + LEMON_CHIFFON -> MISTY_ROSE (80%); SALMON + PALE_TURQUOISE -> MISTY_ROSE (80%); THISTLE + LAVENDER -> MISTY_ROSE (115%); THISTLE + LEMON_CHIFFON -> MISTY_ROSE (90%); THISTLE + PINK -> MISTY_ROSE (115%); THISTLE + TAN -> MISTY_ROSE (100%); WHEAT + PINK -> MISTY_ROSE (100%); WHEAT + THISTLE -> MISTY_ROSE (95%); WHITE + DARK_SALMON -> MISTY_ROSE (95%); WHITE + PINK -> MISTY_ROSE (105%); WHITE + ROSY_BROWN -> MISTY_ROSE (95%)
binnie-botany	2.6.32	binnie-mods-2.6.32.jar	5eb7ec5500ca846944f0e547706eb3735d5fe9996176fca57f97c178a872325b	binnie.botany.genetics.EnumFlowerColor.setupMutations	NAVY	BLUE + BLACK -> NAVY (85%); DARK_SLATE_GRAY + BLUE -> NAVY (95%); INDIGO + BLACK -> NAVY (95%); INDIGO + BLUE -> NAVY (110%); INDIGO + DARK_SLATE_BLUE -> NAVY (115%)
binnie-botany	2.6.32	binnie-mods-2.6.32.jar	5eb7ec5500ca846944f0e547706eb3735d5fe9996176fca57f97c178a872325b	binnie.botany.genetics.EnumFlowerColor.setupMutations	OLIVE	DARK_GREEN + CORAL -> OLIVE (60%); DARK_OLIVE_GREEN + DARK_GOLDENROD -> OLIVE (100%); DARK_ORANGE + DARK_GREEN -> OLIVE (70%); DARK_SALMON + DARK_GREEN -> OLIVE (65%); DIM_GRAY + DARK_GOLDENROD -> OLIVE (95%); GOLD + DARK_SLATE_GRAY -> OLIVE (65%); GOLDENROD + DARK_OLIVE_GREEN -> OLIVE (90%); GOLDENROD + DARK_SLATE_GRAY -> OLIVE (75%); GRAY + DARK_GOLDENROD -> OLIVE (100%); GREEN + CHOCOLATE -> OLIVE (70%); GREEN + CORAL -> OLIVE (65%); GREEN + DARK_ORANGE -> OLIVE (70%); MAROON + GREEN -> OLIVE (60%); OLIVE_DRAB + DARK_GOLDENROD -> OLIVE (100%); OLIVE_DRAB + DARK_KHAKI -> OLIVE (110%); OLIVE_DRAB + DARK_OLIVE_GREEN -> OLIVE (115%); OLIVE_DRAB + GOLDENROD -> OLIVE (100%); ORANGE + DARK_GREEN -> OLIVE (70%); PERU + DARK_OLIVE_GREEN -> OLIVE (90%); PERU + OLIVE_DRAB -> OLIVE (95%); ROSY_BROWN + OLIVE_DRAB -> OLIVE (85%); SALMON + DARK_GREEN -> OLIVE (60%); SALMON + GREEN -> OLIVE (60%); SANDY_BROWN + DARK_GREEN -> OLIVE (70%); SEA_GREEN + CHOCOLATE -> OLIVE (75%); SEA_GREEN + CORAL -> OLIVE (70%); SEA_GREEN + DARK_ORANGE -> OLIVE (75%); SEA_GREEN + ORANGE -> OLIVE (80%); SIENNA + OLIVE_DRAB -> OLIVE (85%); SLATE_GRAY + DARK_GOLDENROD -> OLIVE (90%); TAN + DARK_OLIVE_GREEN -> OLIVE (90%); YELLOW_GREEN + SIENNA -> OLIVE (70%)
binnie-botany	2.6.32	binnie-mods-2.6.32.jar	5eb7ec5500ca846944f0e547706eb3735d5fe9996176fca57f97c178a872325b	binnie.botany.genetics.EnumFlowerColor.setupMutations	OLIVE_DRAB	DARK_GOLDENROD + CADET_BLUE -> OLIVE_DRAB (90%); DARK_KHAKI + DARK_GREEN -> OLIVE_DRAB (85%); DARK_OLIVE_GREEN + DARK_KHAKI -> OLIVE_DRAB (95%); DARK_SEA_GREEN + DARK_OLIVE_GREEN -> OLIVE_DRAB (100%); GOLD + DARK_GREEN -> OLIVE_DRAB (75%); GOLDENROD + DARK_GREEN -> OLIVE_DRAB (80%); GREEN + DARK_GOLDENROD -> OLIVE_DRAB (90%); GREEN + DARK_KHAKI -> OLIVE_DRAB (95%); GREEN + DARK_SALMON -> OLIVE_DRAB (70%); GREEN + GOLDENROD -> OLIVE_DRAB (85%); KHAKI + DARK_GREEN -> OLIVE_DRAB (75%); LIGHT_SEA_GREEN + CHOCOLATE -> OLIVE_DRAB (75%); LIGHT_SEA_GREEN + DARK_GOLDENROD -> OLIVE_DRAB (85%); LIGHT_SEA_GREEN + DARK_ORANGE -> OLIVE_DRAB (75%); LIME_GREEN + CHOCOLATE -> OLIVE_DRAB (65%); LIME_GREEN + DARK_GOLDENROD -> OLIVE_DRAB (90%); LIME_GREEN + DARK_OLIVE_GREEN -> OLIVE_DRAB (95%); LIME_GREEN + INDIAN_RED -> OLIVE_DRAB (55%); MEDIUM_SEA_GREEN + CHOCOLATE -> OLIVE_DRAB (70%); MEDIUM_SEA_GREEN + DARK_GOLDENROD -> OLIVE_DRAB (90%); OLIVE + CADET_BLUE -> OLIVE_DRAB (95%); OLIVE + DARK_GRAY -> OLIVE_DRAB (95%); OLIVE + DARK_KHAKI -> OLIVE_DRAB (110%); OLIVE + DARK_OLIVE_GREEN -> OLIVE_DRAB (110%); OLIVE + DARK_SEA_GREEN -> OLIVE_DRAB (100%); OLIVE + GRAY -> OLIVE_DRAB (100%); OLIVE + GREEN -> OLIVE_DRAB (110%); OLIVE + LIME_GREEN -> OLIVE_DRAB (100%); OLIVE + MEDIUM_AQUAMARINE -> OLIVE_DRAB (95%); OLIVE + MEDIUM_SEA_GREEN -> OLIVE_DRAB (100%); ORANGE + GREEN -> OLIVE_DRAB (75%); PERU + GREEN -> OLIVE_DRAB (80%); PERU + LIME_GREEN -> OLIVE_DRAB (80%); PERU + MEDIUM_SEA_GREEN -> OLIVE_DRAB (80%); PINK + DARK_GREEN -> OLIVE_DRAB (60%); ROSY_BROWN + GREEN -> OLIVE_DRAB (75%); SANDY_BROWN + GREEN -> OLIVE_DRAB (75%); SEA_GREEN + DARK_GOLDENROD -> OLIVE_DRAB (90%); SEA_GREEN + GOLDENROD -> OLIVE_DRAB (90%); SEA_GREEN + OLIVE -> OLIVE_DRAB (105%); SEA_GREEN + PERU -> OLIVE_DRAB (85%); SEA_GREEN + SANDY_BROWN -> OLIVE_DRAB (80%); SIENNA + LIME -> OLIVE_DRAB (55%); SIENNA + LIME_GREEN -> OLIVE_DRAB (65%); SLATE_GRAY + OLIVE -> OLIVE_DRAB (90%); TAN + DARK_GREEN -> OLIVE_DRAB (80%); TAN + GREEN -> OLIVE_DRAB (85%); TEAL + DARK_GOLDENROD -> OLIVE_DRAB (85%); TEAL + DARK_ORANGE -> OLIVE_DRAB (75%); TEAL + GOLD -> OLIVE_DRAB (75%); TEAL + GOLDENROD -> OLIVE_DRAB (80%); TEAL + ORANGE -> OLIVE_DRAB (75%); WHEAT + DARK_GREEN -> OLIVE_DRAB (75%); YELLOW_GREEN + DARK_GREEN -> OLIVE_DRAB (85%); YELLOW_GREEN + DARK_OLIVE_GREEN -> OLIVE_DRAB (95%); YELLOW_GREEN + DARK_SLATE_GRAY -> OLIVE_DRAB (70%); YELLOW_GREEN + DIM_GRAY -> OLIVE_DRAB (85%); YELLOW_GREEN + GRAY -> OLIVE_DRAB (90%); YELLOW_GREEN + GREEN -> OLIVE_DRAB (100%); YELLOW_GREEN + OLIVE -> OLIVE_DRAB (105%)
binnie-botany	2.6.32	binnie-mods-2.6.32.jar	5eb7ec5500ca846944f0e547706eb3735d5fe9996176fca57f97c178a872325b	binnie.botany.genetics.EnumFlowerColor.setupMutations	ORANGE	GOLD + CHOCOLATE -> ORANGE (90%); GOLD + CORAL -> ORANGE (90%); GOLD + DARK_ORANGE -> ORANGE (100%); GOLDENROD + DARK_GOLDENROD -> ORANGE (115%); GOLDENROD + DARK_ORANGE -> ORANGE (110%); GOLDENROD + GOLD -> ORANGE (115%); INDIAN_RED + GOLD -> ORANGE (75%); LEMON_CHIFFON + DARK_ORANGE -> ORANGE (95%); SALMON + GOLD -> ORANGE (80%); SANDY_BROWN + DARK_ORANGE -> ORANGE (120%); SANDY_BROWN + GOLDENROD -> ORANGE (115%); WHEAT + DARK_ORANGE -> ORANGE (100%)
binnie-botany	2.6.32	binnie-mods-2.6.32.jar	5eb7ec5500ca846944f0e547706eb3735d5fe9996176fca57f97c178a872325b	binnie.botany.genetics.EnumFlowerColor.setupMutations	PALE_GREEN	GOLD + CYAN -> PALE_GREEN (80%); KHAKI + AQUAMARINE -> PALE_GREEN (100%); LEMON_CHIFFON + AQUAMARINE -> PALE_GREEN (105%); LIME + KHAKI -> PALE_GREEN (100%); LIME + LAVENDER -> PALE_GREEN (85%); LIME + LEMON_CHIFFON -> PALE_GREEN (100%); LIME_GREEN + LEMON_CHIFFON -> PALE_GREEN (100%); MISTY_ROSE + LIME -> PALE_GREEN (80%); MISTY_ROSE + LIME_GREEN -> PALE_GREEN (80%); PALE_TURQUOISE + LIME_GREEN -> PALE_GREEN (95%); SPRING_GREEN + AQUAMARINE -> PALE_GREEN (110%); SPRING_GREEN + DARK_SEA_GREEN -> PALE_GREEN (105%); SPRING_GREEN + KHAKI -> PALE_GREEN (100%); SPRING_GREEN + LEMON_CHIFFON -> PALE_GREEN (100%); SPRING_GREEN + LIME -> PALE_GREEN (120%); SPRING_GREEN + MEDIUM_AQUAMARINE -> PALE_GREEN (110%); TAN + SPRING_GREEN -> PALE_GREEN (90%); WHEAT + AQUAMARINE -> PALE_GREEN (100%); WHEAT + LIME -> PALE_GREEN (95%); WHEAT + SPRING_GREEN -> PALE_GREEN (95%); WHITE + LIME -> PALE_GREEN (95%); WHITE + LIME_GREEN -> PALE_GREEN (90%); YELLOW + AQUAMARINE -> PALE_GREEN (95%); YELLOW + CYAN -> PALE_GREEN (85%); YELLOW + DARK_TURQUOISE -> PALE_GREEN (80%); YELLOW + DEEP_SKY_BLUE -> PALE_GREEN (60%); YELLOW + TURQUOISE -> PALE_GREEN (85%); YELLOW_GREEN + AQUAMARINE -> PALE_GREEN (100%); YELLOW_GREEN + PALE_TURQUOISE -> PALE_GREEN (95%); YELLOW_GREEN + TURQUOISE -> PALE_GREEN (95%)
binnie-botany	2.6.32	binnie-mods-2.6.32.jar	5eb7ec5500ca846944f0e547706eb3735d5fe9996176fca57f97c178a872325b	binnie.botany.genetics.EnumFlowerColor.setupMutations	PALE_TURQUOISE	LAVENDER + AQUAMARINE -> PALE_TURQUOISE (95%); LAVENDER + CYAN -> PALE_TURQUOISE (95%); LAVENDER + DARK_SEA_GREEN -> PALE_TURQUOISE (95%); LAVENDER + DARK_TURQUOISE -> PALE_TURQUOISE (95%); LEMON_CHIFFON + DEEP_SKY_BLUE -> PALE_TURQUOISE (80%); LIGHT_GRAY + AQUAMARINE -> PALE_TURQUOISE (100%); LIGHT_STEEL_BLUE + AQUAMARINE -> PALE_TURQUOISE (95%); MEDIUM_AQUAMARINE + LAVENDER -> PALE_TURQUOISE (95%); MEDIUM_AQUAMARINE + LIGHT_GRAY -> PALE_TURQUOISE (100%); MEDIUM_AQUAMARINE + LIGHT_STEEL_BLUE -> PALE_TURQUOISE (100%); MISTY_ROSE + AQUAMARINE -> PALE_TURQUOISE (90%); MISTY_ROSE + CYAN -> PALE_TURQUOISE (90%); MISTY_ROSE + DARK_TURQUOISE -> PALE_TURQUOISE (90%); MISTY_ROSE + LIGHT_SEA_GREEN -> PALE_TURQUOISE (85%); MISTY_ROSE + MEDIUM_AQUAMARINE -> PALE_TURQUOISE (90%); PINK + AQUAMARINE -> PALE_TURQUOISE (75%); PINK + CYAN -> PALE_TURQUOISE (60%); SKY_BLUE + LEMON_CHIFFON -> PALE_TURQUOISE (95%); THISTLE + AQUAMARINE -> PALE_TURQUOISE (85%); THISTLE + MEDIUM_AQUAMARINE -> PALE_TURQUOISE (90%); TURQUOISE + LAVENDER -> PALE_TURQUOISE (95%); TURQUOISE + LIGHT_GRAY -> PALE_TURQUOISE (100%); TURQUOISE + MISTY_ROSE -> PALE_TURQUOISE (90%); TURQUOISE + PINK -> PALE_TURQUOISE (75%); TURQUOISE + THISTLE -> PALE_TURQUOISE (85%); WHEAT + SKY_BLUE -> PALE_TURQUOISE (95%); WHITE + AQUAMARINE -> PALE_TURQUOISE (100%); WHITE + CADET_BLUE -> PALE_TURQUOISE (95%); WHITE + CYAN -> PALE_TURQUOISE (100%); WHITE + DARK_TURQUOISE -> PALE_TURQUOISE (95%); WHITE + LIGHT_SEA_GREEN -> PALE_TURQUOISE (95%); WHITE + MEDIUM_AQUAMARINE -> PALE_TURQUOISE (100%); WHITE + SKY_BLUE -> PALE_TURQUOISE (105%); WHITE + TURQUOISE -> PALE_TURQUOISE (100%)
binnie-botany	2.6.32	binnie-mods-2.6.32.jar	5eb7ec5500ca846944f0e547706eb3735d5fe9996176fca57f97c178a872325b	binnie.botany.genetics.EnumFlowerColor.setupMutations	PALE_VIOLET_RED	DEEP_PINK + DARK_GRAY -> PALE_VIOLET_RED (95%); DEEP_PINK + DARK_KHAKI -> PALE_VIOLET_RED (65%); DEEP_PINK + DARK_SALMON -> PALE_VIOLET_RED (95%); DEEP_PINK + DARK_SEA_GREEN -> PALE_VIOLET_RED (55%); HOT_PINK + DARK_GRAY -> PALE_VIOLET_RED (100%); HOT_PINK + DARK_SALMON -> PALE_VIOLET_RED (100%); HOT_PINK + DEEP_PINK -> PALE_VIOLET_RED (115%); HOT_PINK + DIM_GRAY -> PALE_VIOLET_RED (95%); HOT_PINK + GRAY -> PALE_VIOLET_RED (100%); INDIAN_RED + DEEP_PINK -> PALE_VIOLET_RED (110%); INDIAN_RED + HOT_PINK -> PALE_VIOLET_RED (105%); KHAKI + DEEP_PINK -> PALE_VIOLET_RED (60%); LAVENDER + CRIMSON -> PALE_VIOLET_RED (80%); LIGHT_GRAY + CRIMSON -> PALE_VIOLET_RED (85%); LIGHT_STEEL_BLUE + CRIMSON -> PALE_VIOLET_RED (80%); MEDIUM_AQUAMARINE + DEEP_PINK -> PALE_VIOLET_RED (45%); MEDIUM_ORCHID + CHOCOLATE -> PALE_VIOLET_RED (80%); MEDIUM_ORCHID + CORAL -> PALE_VIOLET_RED (85%); MEDIUM_ORCHID + DARK_SALMON -> PALE_VIOLET_RED (85%); MEDIUM_PURPLE + CHOCOLATE -> PALE_VIOLET_RED (80%); MEDIUM_PURPLE + CORAL -> PALE_VIOLET_RED (80%); MEDIUM_PURPLE + DARK_SALMON -> PALE_VIOLET_RED (85%); MEDIUM_PURPLE + INDIAN_RED -> PALE_VIOLET_RED (95%); MEDIUM_VIOLET_RED + DARK_GRAY -> PALE_VIOLET_RED (90%); MEDIUM_VIOLET_RED + DARK_KHAKI -> PALE_VIOLET_RED (60%); MEDIUM_VIOLET_RED + DARK_SALMON -> PALE_VIOLET_RED (90%); MEDIUM_VIOLET_RED + DARK_SEA_GREEN -> PALE_VIOLET_RED (55%); MEDIUM_VIOLET_RED + KHAKI -> PALE_VIOLET_RED (55%); MEDIUM_VIOLET_RED + LEMON_CHIFFON -> PALE_VIOLET_RED (60%); MEDIUM_VIOLET_RED + LIGHT_GRAY -> PALE_VIOLET_RED (85%); MISTY_ROSE + CRIMSON -> PALE_VIOLET_RED (85%); ORANGE + MAGENTA -> PALE_VIOLET_RED (60%); PALE_TURQUOISE + CRIMSON -> PALE_VIOLET_RED (65%); PERU + MEDIUM_ORCHID -> PALE_VIOLET_RED (75%); PERU + MEDIUM_PURPLE -> PALE_VIOLET_RED (75%); PINK + CRIMSON -> PALE_VIOLET_RED (90%); PINK + HOT_PINK -> PALE_VIOLET_RED (105%); PLUM + BROWN -> PALE_VIOLET_RED (85%); PLUM + CRIMSON -> PALE_VIOLET_RED (90%); PLUM + INDIAN_RED -> PALE_VIOLET_RED (95%); PURPLE + LEMON_CHIFFON -> PALE_VIOLET_RED (50%); PURPLE + MISTY_ROSE -> PALE_VIOLET_RED (65%); ROSY_BROWN + DEEP_PINK -> PALE_VIOLET_RED (105%); ROSY_BROWN + HOT_PINK -> PALE_VIOLET_RED (105%); ROSY_BROWN + INDIAN_RED -> PALE_VIOLET_RED (110%); ROSY_BROWN + MEDIUM_ORCHID -> PALE_VIOLET_RED (100%); SALMON + DEEP_PINK -> PALE_VIOLET_RED (105%); SALMON + HOT_PINK -> PALE_VIOLET_RED (105%); SALMON + MEDIUM_ORCHID -> PALE_VIOLET_RED (90%); SALMON + MEDIUM_PURPLE -> PALE_VIOLET_RED (90%); SALMON + PLUM -> PALE_VIOLET_RED (100%); SANDY_BROWN + DEEP_PINK -> PALE_VIOLET_RED (80%); SANDY_BROWN + MEDIUM_ORCHID -> PALE_VIOLET_RED (75%); SANDY_BROWN + PURPLE -> PALE_VIOLET_RED (60%); SIENNA + PLUM -> PALE_VIOLET_RED (85%); SKY_BLUE + CRIMSON -> PALE_VIOLET_RED (60%); SLATE_BLUE + CORAL -> PALE_VIOLET_RED (75%); SLATE_BLUE + DARK_SALMON -> PALE_VIOLET_RED (80%); SLATE_BLUE + SALMON -> PALE_VIOLET_RED (85%); SLATE_GRAY + HOT_PINK -> PALE_VIOLET_RED (95%); TAN + DEEP_PINK -> PALE_VIOLET_RED (80%); TAN + HOT_PINK -> PALE_VIOLET_RED (85%); TAN + MEDIUM_ORCHID -> PALE_VIOLET_RED (75%); TAN + MEDIUM_VIOLET_RED -> PALE_VIOLET_RED (75%); THISTLE + BROWN -> PALE_VIOLET_RED (80%); THISTLE + CRIMSON -> PALE_VIOLET_RED (85%); VIOLET + BROWN -> PALE_VIOLET_RED (85%); VIOLET + CHOCOLATE -> PALE_VIOLET_RED (80%); VIOLET + CORAL -> PALE_VIOLET_RED (85%); VIOLET + INDIAN_RED -> PALE_VIOLET_RED (95%); VIOLET + PERU -> PALE_VIOLET_RED (80%); VIOLET + SANDY_BROWN -> PALE_VIOLET_RED (80%); VIOLET + SIENNA -> PALE_VIOLET_RED (80%); WHEAT + DEEP_PINK -> PALE_VIOLET_RED (75%); WHEAT + MEDIUM_VIOLET_RED -> PALE_VIOLET_RED (70%); WHEAT + PURPLE -> PALE_VIOLET_RED (55%); WHITE + CRIMSON -> PALE_VIOLET_RED (75%)
binnie-botany	2.6.32	binnie-mods-2.6.32.jar	5eb7ec5500ca846944f0e547706eb3735d5fe9996176fca57f97c178a872325b	binnie.botany.genetics.EnumFlowerColor.setupMutations	PERU	CORAL + CHOCOLATE -> PERU (115%); DARK_GOLDENROD + CHOCOLATE -> PERU (110%); DARK_GOLDENROD + CORAL -> PERU (100%); DARK_GRAY + CHOCOLATE -> PERU (95%); DARK_KHAKI + CHOCOLATE -> PERU (95%); DARK_OLIVE_GREEN + CORAL -> PERU (75%); DARK_ORANGE + CHOCOLATE -> PERU (115%); DARK_ORANGE + DARK_GOLDENROD -> PERU (110%); DARK_ORANGE + DARK_GRAY -> PERU (95%); DARK_SALMON + DARK_GOLDENROD -> PERU (100%); DARK_SALMON + DARK_OLIVE_GREEN -> PERU (80%); DIM_GRAY + DARK_ORANGE -> PERU (90%); GOLD + BROWN -> PERU (65%); GOLDENROD + CHOCOLATE -> PERU (105%); GRAY + CHOCOLATE -> PERU (100%); GRAY + DARK_ORANGE -> PERU (95%); INDIAN_RED + DARK_KHAKI -> PERU (85%); INDIAN_RED + DARK_SEA_GREEN -> PERU (75%); INDIAN_RED + GOLDENROD -> PERU (85%); KHAKI + BROWN -> PERU (65%); OLIVE + CORAL -> PERU (85%); OLIVE + INDIAN_RED -> PERU (80%); ORANGE + DARK_SLATE_BLUE -> PERU (55%); ORANGE + INDIAN_RED -> PERU (90%); PALE_VIOLET_RED + GOLDENROD -> PERU (80%); PALE_VIOLET_RED + OLIVE -> PERU (70%); PALE_VIOLET_RED + OLIVE_DRAB -> PERU (65%); RED + PALE_GREEN -> PERU (50%); ROSY_BROWN + CHOCOLATE -> PERU (105%); ROSY_BROWN + DARK_GOLDENROD -> PERU (95%); ROSY_BROWN + DARK_ORANGE -> PERU (100%); ROSY_BROWN + GOLDENROD -> PERU (95%); SALMON + DARK_GOLDENROD -> PERU (95%); SALMON + DARK_OLIVE_GREEN -> PERU (75%); SALMON + OLIVE -> PERU (80%); SALMON + OLIVE_DRAB -> PERU (75%); SANDY_BROWN + CHOCOLATE -> PERU (110%); SANDY_BROWN + DARK_GOLDENROD -> PERU (110%); SANDY_BROWN + DIM_GRAY -> PERU (90%); SANDY_BROWN + GRAY -> PERU (95%); SIENNA + DARK_GOLDENROD -> PERU (100%); SIENNA + DARK_KHAKI -> PERU (90%); SIENNA + GOLDENROD -> PERU (95%); SIENNA + ORANGE -> PERU (95%); SIENNA + SANDY_BROWN -> PERU (100%); SLATE_GRAY + DARK_ORANGE -> PERU (85%); TAN + CHOCOLATE -> PERU (105%); TAN + SANDY_BROWN -> PERU (115%); TAN + SIENNA -> PERU (95%); WHEAT + SIENNA -> PERU (85%)
binnie-botany	2.6.32	binnie-mods-2.6.32.jar	5eb7ec5500ca846944f0e547706eb3735d5fe9996176fca57f97c178a872325b	binnie.botany.genetics.EnumFlowerColor.setupMutations	PINK	LAVENDER + DARK_SALMON -> PINK (95%); LEMON_CHIFFON + HOT_PINK -> PINK (75%); MISTY_ROSE + DARK_SALMON -> PINK (105%); MISTY_ROSE + HOT_PINK -> PINK (95%); PALE_VIOLET_RED + LEMON_CHIFFON -> PINK (80%); PALE_VIOLET_RED + LIGHT_GRAY -> PINK (95%); PALE_VIOLET_RED + MISTY_ROSE -> PINK (95%); PLUM + DARK_SALMON -> PINK (95%); ROSY_BROWN + MISTY_ROSE -> PINK (105%); SALMON + LAVENDER -> PINK (95%); SALMON + MISTY_ROSE -> PINK (100%); TAN + PLUM -> PINK (90%); THISTLE + DARK_SALMON -> PINK (100%); THISTLE + MISTY_ROSE -> PINK (115%); THISTLE + PLUM -> PINK (115%); THISTLE + ROSY_BROWN -> PINK (110%); THISTLE + SALMON -> PINK (100%); VIOLET + KHAKI -> PINK (60%); VIOLET + LEMON_CHIFFON -> PINK (70%); WHEAT + HOT_PINK -> PINK (80%); WHEAT + PALE_VIOLET_RED -> PINK (85%); WHEAT + PLUM -> PINK (85%); WHEAT + VIOLET -> PINK (75%); WHITE + HOT_PINK -> PINK (90%); WHITE + INDIAN_RED -> PINK (85%); WHITE + PALE_VIOLET_RED -> PINK (90%); WHITE + SALMON -> PINK (95%)
binnie-botany	2.6.32	binnie-mods-2.6.32.jar	5eb7ec5500ca846944f0e547706eb3735d5fe9996176fca57f97c178a872325b	binnie.botany.genetics.EnumFlowerColor.setupMutations	PLUM	HOT_PINK + CADET_BLUE -> PLUM (85%); LAVENDER + HOT_PINK -> PLUM (95%); LIGHT_GRAY + HOT_PINK -> PLUM (95%); LIGHT_STEEL_BLUE + HOT_PINK -> PLUM (90%); MEDIUM_ORCHID + DARK_GRAY -> PLUM (95%); MEDIUM_ORCHID + DARK_SEA_GREEN -> PLUM (55%); MEDIUM_ORCHID + LAVENDER -> PLUM (90%); MEDIUM_ORCHID + LEMON_CHIFFON -> PLUM (65%); MEDIUM_ORCHID + LIGHT_GRAY -> PLUM (90%); MEDIUM_ORCHID + LIGHT_STEEL_BLUE -> PLUM (95%); MEDIUM_PURPLE + LAVENDER -> PLUM (95%); MEDIUM_PURPLE + LIGHT_GRAY -> PLUM (90%); MISTY_ROSE + DARK_SLATE_BLUE -> PLUM (65%); MISTY_ROSE + MEDIUM_ORCHID -> PLUM (85%); MISTY_ROSE + MEDIUM_PURPLE -> PLUM (85%); ORANGE + BLUE -> PLUM (45%); PALE_TURQUOISE + DEEP_PINK -> PLUM (75%); PALE_TURQUOISE + HOT_PINK -> PLUM (80%); PALE_TURQUOISE + MEDIUM_ORCHID -> PLUM (85%); PALE_TURQUOISE + MEDIUM_VIOLET_RED -> PLUM (70%); PALE_VIOLET_RED + LIGHT_STEEL_BLUE -> PLUM (90%); PINK + MEDIUM_ORCHID -> PLUM (95%); PINK + MEDIUM_PURPLE -> PLUM (95%); RED + DEEP_SKY_BLUE -> PLUM (60%); ROSY_BROWN + MEDIUM_PURPLE -> PLUM (100%); SKY_BLUE + HOT_PINK -> PLUM (75%); SLATE_BLUE + MISTY_ROSE -> PLUM (80%); SLATE_BLUE + PINK -> PLUM (85%); TAN + MEDIUM_PURPLE -> PLUM (80%); THISTLE + HOT_PINK -> PLUM (105%); THISTLE + MEDIUM_ORCHID -> PLUM (95%); THISTLE + MEDIUM_PURPLE -> PLUM (100%); THISTLE + PALE_VIOLET_RED -> PLUM (105%); VIOLET + CADET_BLUE -> PLUM (95%); VIOLET + DARK_GRAY -> PLUM (100%); VIOLET + GRAY -> PLUM (95%); VIOLET + HOT_PINK -> PLUM (115%); VIOLET + LAVENDER -> PLUM (100%); VIOLET + LIGHT_GRAY -> PLUM (95%); VIOLET + LIGHT_STEEL_BLUE -> PLUM (100%); VIOLET + MISTY_ROSE -> PLUM (95%); VIOLET + PINK -> PLUM (105%); VIOLET + ROSY_BROWN -> PLUM (100%); VIOLET + SKY_BLUE -> PLUM (90%); VIOLET + SLATE_GRAY -> PLUM (100%); VIOLET + TAN -> PLUM (80%); VIOLET + THISTLE -> PLUM (105%); WHEAT + MEDIUM_ORCHID -> PLUM (70%); WHEAT + SLATE_BLUE -> PLUM (65%); WHITE + MEDIUM_ORCHID -> PLUM (80%); WHITE + MEDIUM_VIOLET_RED -> PLUM (75%); WHITE + PURPLE -> PLUM (60%); WHITE + VIOLET -> PLUM (95%)
binnie-botany	2.6.32	binnie-mods-2.6.32.jar	5eb7ec5500ca846944f0e547706eb3735d5fe9996176fca57f97c178a872325b	binnie.botany.genetics.EnumFlowerColor.setupMutations	PURPLE	DARK_SLATE_BLUE + BROWN -> PURPLE (90%); DARK_VIOLET + BROWN -> PURPLE (90%); DARK_VIOLET + DARK_OLIVE_GREEN -> PURPLE (55%); DIM_GRAY + DARK_VIOLET -> PURPLE (95%); GRAY + DARK_VIOLET -> PURPLE (90%); INDIGO + BROWN -> PURPLE (90%); INDIGO + CRIMSON -> PURPLE (85%); INDIGO + DARK_VIOLET -> PURPLE (110%); INDIGO + DEEP_PINK -> PURPLE (90%); INDIGO + INDIAN_RED -> PURPLE (85%); MAGENTA + BLACK -> PURPLE (70%); MAROON + DARK_VIOLET -> PURPLE (85%); MAROON + INDIGO -> PURPLE (90%); MEDIUM_ORCHID + BLACK -> PURPLE (75%); MEDIUM_PURPLE + MAROON -> PURPLE (80%); MEDIUM_VIOLET_RED + BLACK -> PURPLE (85%); MEDIUM_VIOLET_RED + DARK_SLATE_BLUE -> PURPLE (100%); MEDIUM_VIOLET_RED + DARK_SLATE_GRAY -> PURPLE (100%); MEDIUM_VIOLET_RED + DARK_VIOLET -> PURPLE (110%); MEDIUM_VIOLET_RED + DIM_GRAY -> PURPLE (100%); MEDIUM_VIOLET_RED + INDIGO -> PURPLE (100%); NAVY + BROWN -> PURPLE (85%); NAVY + CORAL -> PURPLE (60%); NAVY + CRIMSON -> PURPLE (80%); NAVY + DEEP_PINK -> PURPLE (80%); NAVY + HOT_PINK -> PURPLE (75%); NAVY + INDIAN_RED -> PURPLE (80%); NAVY + MAROON -> PURPLE (85%); PALE_VIOLET_RED + INDIGO -> PURPLE (85%); PALE_VIOLET_RED + NAVY -> PURPLE (80%); ROSY_BROWN + INDIGO -> PURPLE (80%); ROYAL_BLUE + CRIMSON -> PURPLE (85%); ROYAL_BLUE + MAROON -> PURPLE (80%); SALMON + NAVY -> PURPLE (65%); SIENNA + DARK_VIOLET -> PURPLE (80%); SIENNA + INDIGO -> PURPLE (80%); SIENNA + NAVY -> PURPLE (75%); SLATE_BLUE + BROWN -> PURPLE (90%); SLATE_BLUE + MAROON -> PURPLE (80%); TEAL + DEEP_PINK -> PURPLE (70%); VIOLET + BLACK -> PURPLE (60%)
binnie-botany	2.6.32	binnie-mods-2.6.32.jar	5eb7ec5500ca846944f0e547706eb3735d5fe9996176fca57f97c178a872325b	binnie.botany.genetics.EnumFlowerColor.setupMutations	RED	CRIMSON + CHOCOLATE -> RED (100%); DARK_ORANGE + CRIMSON -> RED (90%); INDIAN_RED + CHOCOLATE -> RED (105%); ORANGE + MEDIUM_VIOLET_RED -> RED (65%)
binnie-botany	2.6.32	binnie-mods-2.6.32.jar	5eb7ec5500ca846944f0e547706eb3735d5fe9996176fca57f97c178a872325b	binnie.botany.genetics.EnumFlowerColor.setupMutations	ROSY_BROWN	CORAL + CADET_BLUE -> ROSY_BROWN (80%); CRIMSON + AQUAMARINE -> ROSY_BROWN (45%); DARK_SALMON + DARK_GRAY -> ROSY_BROWN (105%); DIM_GRAY + DARK_SALMON -> ROSY_BROWN (95%); GRAY + DARK_SALMON -> ROSY_BROWN (100%); HOT_PINK + DARK_KHAKI -> ROSY_BROWN (70%); HOT_PINK + DARK_SEA_GREEN -> ROSY_BROWN (60%); INDIAN_RED + CADET_BLUE -> ROSY_BROWN (80%); INDIAN_RED + DARK_GRAY -> ROSY_BROWN (100%); INDIAN_RED + GRAY -> ROSY_BROWN (100%); LAVENDER + BROWN -> ROSY_BROWN (70%); LAVENDER + INDIAN_RED -> ROSY_BROWN (85%); LIGHT_GRAY + BROWN -> ROSY_BROWN (75%); LIGHT_GRAY + DARK_SALMON -> ROSY_BROWN (100%); LIGHT_GRAY + INDIAN_RED -> ROSY_BROWN (90%); LIGHT_STEEL_BLUE + BROWN -> ROSY_BROWN (75%); LIGHT_STEEL_BLUE + CORAL -> ROSY_BROWN (90%); LIGHT_STEEL_BLUE + DARK_SALMON -> ROSY_BROWN (95%); LIGHT_STEEL_BLUE + INDIAN_RED -> ROSY_BROWN (85%); MAROON + LAVENDER -> ROSY_BROWN (60%); MEDIUM_AQUAMARINE + CRIMSON -> ROSY_BROWN (55%); MEDIUM_ORCHID + DARK_KHAKI -> ROSY_BROWN (60%); MEDIUM_ORCHID + GOLDENROD -> ROSY_BROWN (60%); MEDIUM_ORCHID + KHAKI -> ROSY_BROWN (55%); MEDIUM_PURPLE + DARK_GOLDENROD -> ROSY_BROWN (65%); MEDIUM_PURPLE + DARK_KHAKI -> ROSY_BROWN (65%); MEDIUM_PURPLE + GOLDENROD -> ROSY_BROWN (65%); MISTY_ROSE + BROWN -> ROSY_BROWN (75%); MISTY_ROSE + INDIAN_RED -> ROSY_BROWN (90%); OLIVE_DRAB + HOT_PINK -> ROSY_BROWN (55%); OLIVE_DRAB + MEDIUM_ORCHID -> ROSY_BROWN (50%); PALE_TURQUOISE + BROWN -> ROSY_BROWN (60%); PALE_TURQUOISE + INDIAN_RED -> ROSY_BROWN (70%); PALE_TURQUOISE + MAROON -> ROSY_BROWN (50%); PALE_VIOLET_RED + CADET_BLUE -> ROSY_BROWN (80%); PALE_VIOLET_RED + DARK_GRAY -> ROSY_BROWN (100%); PALE_VIOLET_RED + DARK_SEA_GREEN -> ROSY_BROWN (70%); PALE_VIOLET_RED + GRAY -> ROSY_BROWN (100%); PINK + DIM_GRAY -> ROSY_BROWN (90%); PINK + GRAY -> ROSY_BROWN (95%); PLUM + DARK_KHAKI -> ROSY_BROWN (75%); PLUM + DARK_OLIVE_GREEN -> ROSY_BROWN (65%); PLUM + GRAY -> ROSY_BROWN (100%); PLUM + PERU -> ROSY_BROWN (85%); ROYAL_BLUE + DARK_ORANGE -> ROSY_BROWN (65%); SALMON + CADET_BLUE -> ROSY_BROWN (80%); SALMON + DARK_GRAY -> ROSY_BROWN (100%); SALMON + GRAY -> ROSY_BROWN (100%); SALMON + LIGHT_STEEL_BLUE -> ROSY_BROWN (90%); SANDY_BROWN + DARK_SLATE_BLUE -> ROSY_BROWN (65%); SANDY_BROWN + MEDIUM_PURPLE -> ROSY_BROWN (75%); SEA_GREEN + HOT_PINK -> ROSY_BROWN (50%); SIENNA + DARK_GRAY -> ROSY_BROWN (95%); SIENNA + LAVENDER -> ROSY_BROWN (80%); SIENNA + LIGHT_GRAY -> ROSY_BROWN (85%); SIENNA + LIGHT_STEEL_BLUE -> ROSY_BROWN (80%); SKY_BLUE + BROWN -> ROSY_BROWN (60%); SKY_BLUE + CORAL -> ROSY_BROWN (75%); SKY_BLUE + INDIAN_RED -> ROSY_BROWN (70%); SKY_BLUE + SALMON -> ROSY_BROWN (75%); SLATE_BLUE + DARK_GOLDENROD -> ROSY_BROWN (65%); SLATE_BLUE + GOLDENROD -> ROSY_BROWN (60%); SLATE_BLUE + SANDY_BROWN -> ROSY_BROWN (70%); SLATE_GRAY + CORAL -> ROSY_BROWN (90%); SLATE_GRAY + DARK_SALMON -> ROSY_BROWN (90%); SLATE_GRAY + INDIAN_RED -> ROSY_BROWN (95%); SLATE_GRAY + PALE_VIOLET_RED -> ROSY_BROWN (95%); SLATE_GRAY + PINK -> ROSY_BROWN (90%); SLATE_GRAY + SALMON -> ROSY_BROWN (90%); STEEL_BLUE + CORAL -> ROSY_BROWN (80%); STEEL_BLUE + SALMON -> ROSY_BROWN (80%); TAN + PALE_VIOLET_RED -> ROSY_BROWN (90%); THISTLE + INDIAN_RED -> ROSY_BROWN (95%); THISTLE + SIENNA -> ROSY_BROWN (85%); TURQUOISE + RED -> ROSY_BROWN (55%); VIOLET + DARK_KHAKI -> ROSY_BROWN (65%); VIOLET + DARK_OLIVE_GREEN -> ROSY_BROWN (55%); VIOLET + OLIVE -> ROSY_BROWN (55%); VIOLET + OLIVE_DRAB -> ROSY_BROWN (50%); WHEAT + DARK_SLATE_BLUE -> ROSY_BROWN (60%); WHITE + BROWN -> ROSY_BROWN (70%); WHITE + MAROON -> ROSY_BROWN (55%)
binnie-botany	2.6.32	binnie-mods-2.6.32.jar	5eb7ec5500ca846944f0e547706eb3735d5fe9996176fca57f97c178a872325b	binnie.botany.genetics.EnumFlowerColor.setupMutations	ROYAL_BLUE	DARK_SEA_GREEN + BLUE -> ROYAL_BLUE (60%); DARK_SLATE_BLUE + CADET_BLUE -> ROYAL_BLUE (85%); DARK_TURQUOISE + BLUE -> ROYAL_BLUE (65%); DARK_VIOLET + DARK_TURQUOISE -> ROYAL_BLUE (70%); DEEP_SKY_BLUE + BLUE -> ROYAL_BLUE (75%); DEEP_SKY_BLUE + DARK_VIOLET -> ROYAL_BLUE (70%); DODGER_BLUE + DARK_SLATE_BLUE -> ROYAL_BLUE (90%); INDIGO + DARK_TURQUOISE -> ROYAL_BLUE (55%); INDIGO + DEEP_SKY_BLUE -> ROYAL_BLUE (60%); LIGHT_GRAY + BLUE -> ROYAL_BLUE (65%); LIGHT_SEA_GREEN + BLUE -> ROYAL_BLUE (70%); LIGHT_SEA_GREEN + INDIGO -> ROYAL_BLUE (65%); LIGHT_STEEL_BLUE + BLUE -> ROYAL_BLUE (80%); MAROON + DEEP_SKY_BLUE -> ROYAL_BLUE (50%); MEDIUM_AQUAMARINE + BLUE -> ROYAL_BLUE (60%); MEDIUM_ORCHID + DODGER_BLUE -> ROYAL_BLUE (95%); MEDIUM_PURPLE + DODGER_BLUE -> ROYAL_BLUE (105%); MEDIUM_SEA_GREEN + BLUE -> ROYAL_BLUE (60%); MEDIUM_VIOLET_RED + DARK_TURQUOISE -> ROYAL_BLUE (55%); NAVY + DARK_SEA_GREEN -> ROYAL_BLUE (55%); NAVY + DEEP_SKY_BLUE -> ROYAL_BLUE (60%); NAVY + LIGHT_SEA_GREEN -> ROYAL_BLUE (65%); NAVY + MEDIUM_AQUAMARINE -> ROYAL_BLUE (50%); PALE_TURQUOISE + BLUE -> ROYAL_BLUE (65%); PURPLE + DARK_TURQUOISE -> ROYAL_BLUE (60%); PURPLE + DEEP_SKY_BLUE -> ROYAL_BLUE (60%); SKY_BLUE + BLUE -> ROYAL_BLUE (75%); SKY_BLUE + NAVY -> ROYAL_BLUE (55%); SLATE_BLUE + DODGER_BLUE -> ROYAL_BLUE (105%); SLATE_BLUE + MEDIUM_PURPLE -> ROYAL_BLUE (115%); STEEL_BLUE + DARK_SLATE_BLUE -> ROYAL_BLUE (100%); STEEL_BLUE + DARK_SLATE_GRAY -> ROYAL_BLUE (100%); STEEL_BLUE + MEDIUM_PURPLE -> ROYAL_BLUE (105%); STEEL_BLUE + SLATE_BLUE -> ROYAL_BLUE (110%); STEEL_BLUE + SLATE_GRAY -> ROYAL_BLUE (115%); TEAL + MEDIUM_ORCHID -> ROYAL_BLUE (85%); TURQUOISE + BLUE -> ROYAL_BLUE (60%); TURQUOISE + DARK_VIOLET -> ROYAL_BLUE (65%); TURQUOISE + INDIGO -> ROYAL_BLUE (50%); TURQUOISE + PURPLE -> ROYAL_BLUE (55%)
binnie-botany	2.6.32	binnie-mods-2.6.32.jar	5eb7ec5500ca846944f0e547706eb3735d5fe9996176fca57f97c178a872325b	binnie.botany.genetics.EnumFlowerColor.setupMutations	SALMON	DARK_SALMON + CORAL -> SALMON (120%); DEEP_PINK + DARK_ORANGE -> SALMON (80%); HOT_PINK + CORAL -> SALMON (95%); HOT_PINK + DARK_GOLDENROD -> SALMON (70%); INDIAN_RED + CORAL -> SALMON (110%); INDIAN_RED + DARK_SALMON -> SALMON (110%); KHAKI + CRIMSON -> SALMON (65%); LEMON_CHIFFON + CRIMSON -> SALMON (70%); ORANGE + DEEP_PINK -> SALMON (70%); ORANGE + MEDIUM_ORCHID -> SALMON (65%); PALE_VIOLET_RED + CORAL -> SALMON (100%); PALE_VIOLET_RED + DARK_SALMON -> SALMON (105%); PERU + HOT_PINK -> SALMON (85%); PERU + PALE_VIOLET_RED -> SALMON (90%); PINK + DARK_SALMON -> SALMON (110%); PINK + INDIAN_RED -> SALMON (100%); PLUM + CHOCOLATE -> SALMON (85%); PLUM + CORAL -> SALMON (90%); RED + LAVENDER -> SALMON (80%); RED + LEMON_CHIFFON -> SALMON (75%); RED + MISTY_ROSE -> SALMON (85%); RED + PINK -> SALMON (90%); ROSY_BROWN + DARK_SALMON -> SALMON (115%); SANDY_BROWN + HOT_PINK -> SALMON (85%); SANDY_BROWN + PALE_VIOLET_RED -> SALMON (90%); VIOLET + DARK_GOLDENROD -> SALMON (65%); VIOLET + DARK_ORANGE -> SALMON (75%); WHEAT + CRIMSON -> SALMON (80%); WHEAT + RED -> SALMON (85%); WHITE + RED -> SALMON (80%)
binnie-botany	2.6.32	binnie-mods-2.6.32.jar	5eb7ec5500ca846944f0e547706eb3735d5fe9996176fca57f97c178a872325b	binnie.botany.genetics.EnumFlowerColor.setupMutations	SANDY_BROWN	DARK_KHAKI + CORAL -> SANDY_BROWN (90%); DARK_ORANGE + CORAL -> SANDY_BROWN (115%); DARK_SALMON + DARK_ORANGE -> SANDY_BROWN (110%); GOLDENROD + DARK_SALMON -> SANDY_BROWN (100%); HOT_PINK + GOLD -> SANDY_BROWN (60%); KHAKI + CORAL -> SANDY_BROWN (90%); KHAKI + INDIAN_RED -> SANDY_BROWN (75%); LAVENDER + DARK_ORANGE -> SANDY_BROWN (85%); LEMON_CHIFFON + CHOCOLATE -> SANDY_BROWN (85%); LEMON_CHIFFON + CORAL -> SANDY_BROWN (90%); LIGHT_GRAY + CHOCOLATE -> SANDY_BROWN (90%); LIGHT_GRAY + DARK_ORANGE -> SANDY_BROWN (95%); MEDIUM_ORCHID + GOLD -> SANDY_BROWN (50%); MISTY_ROSE + DARK_ORANGE -> SANDY_BROWN (95%); ORANGE + DARK_ORANGE -> SANDY_BROWN (120%); ORANGE + DARK_SALMON -> SANDY_BROWN (105%); ORANGE + MISTY_ROSE -> SANDY_BROWN (95%); PALE_VIOLET_RED + GOLD -> SANDY_BROWN (65%); PALE_VIOLET_RED + ORANGE -> SANDY_BROWN (80%); PERU + DARK_ORANGE -> SANDY_BROWN (115%); PERU + DARK_SALMON -> SANDY_BROWN (115%); PINK + DARK_GOLDENROD -> SANDY_BROWN (85%); PINK + DARK_ORANGE -> SANDY_BROWN (95%); PINK + GOLDENROD -> SANDY_BROWN (90%); PINK + ORANGE -> SANDY_BROWN (90%); PLUM + ORANGE -> SANDY_BROWN (75%); ROSY_BROWN + ORANGE -> SANDY_BROWN (95%); SALMON + DARK_KHAKI -> SANDY_BROWN (90%); SALMON + GOLDENROD -> SANDY_BROWN (95%); SALMON + KHAKI -> SANDY_BROWN (85%); TAN + DARK_ORANGE -> SANDY_BROWN (105%); TAN + DARK_SALMON -> SANDY_BROWN (110%); TAN + PERU -> SANDY_BROWN (110%); THISTLE + DARK_ORANGE -> SANDY_BROWN (90%); THISTLE + ORANGE -> SANDY_BROWN (85%); VIOLET + GOLD -> SANDY_BROWN (55%); WHEAT + CHOCOLATE -> SANDY_BROWN (95%); WHEAT + CORAL -> SANDY_BROWN (100%); WHITE + DARK_ORANGE -> SANDY_BROWN (90%); YELLOW + HOT_PINK -> SANDY_BROWN (50%)
binnie-botany	2.6.32	binnie-mods-2.6.32.jar	5eb7ec5500ca846944f0e547706eb3735d5fe9996176fca57f97c178a872325b	binnie.botany.genetics.EnumFlowerColor.setupMutations	SEA_GREEN	DARK_GREEN + CADET_BLUE -> SEA_GREEN (90%); DARK_GREEN + DARK_GRAY -> SEA_GREEN (85%); DARK_OLIVE_GREEN + CADET_BLUE -> SEA_GREEN (95%); DARK_SEA_GREEN + DARK_GREEN -> SEA_GREEN (90%); DARK_SLATE_GRAY + DARK_SEA_GREEN -> SEA_GREEN (80%); DARK_TURQUOISE + CHOCOLATE -> SEA_GREEN (70%); DARK_TURQUOISE + DARK_GREEN -> SEA_GREEN (80%); DARK_TURQUOISE + DARK_OLIVE_GREEN -> SEA_GREEN (85%); GREEN + CADET_BLUE -> SEA_GREEN (95%); GREEN + DARK_GRAY -> SEA_GREEN (90%); GREEN + DEEP_SKY_BLUE -> SEA_GREEN (70%); GREEN + GRAY -> SEA_GREEN (100%); LIGHT_GRAY + DARK_GREEN -> SEA_GREEN (75%); LIGHT_SEA_GREEN + DARK_GREEN -> SEA_GREEN (90%); LIGHT_SEA_GREEN + DARK_OLIVE_GREEN -> SEA_GREEN (95%); LIGHT_SEA_GREEN + GREEN -> SEA_GREEN (95%); LIGHT_STEEL_BLUE + DARK_GREEN -> SEA_GREEN (70%); LIME_GREEN + DARK_SLATE_BLUE -> SEA_GREEN (55%); LIME_GREEN + DARK_SLATE_GRAY -> SEA_GREEN (75%); LIME_GREEN + DIM_GRAY -> SEA_GREEN (85%); MEDIUM_AQUAMARINE + DARK_GREEN -> SEA_GREEN (85%); MEDIUM_AQUAMARINE + DARK_OLIVE_GREEN -> SEA_GREEN (90%); MEDIUM_SEA_GREEN + DARK_GREEN -> SEA_GREEN (95%); MEDIUM_SEA_GREEN + DARK_OLIVE_GREEN -> SEA_GREEN (100%); MEDIUM_SEA_GREEN + DARK_SLATE_GRAY -> SEA_GREEN (85%); MEDIUM_SEA_GREEN + DIM_GRAY -> SEA_GREEN (95%); MEDIUM_SEA_GREEN + GRAY -> SEA_GREEN (100%); MEDIUM_SEA_GREEN + GREEN -> SEA_GREEN (105%); OLIVE + LIGHT_SEA_GREEN -> SEA_GREEN (90%); OLIVE_DRAB + CADET_BLUE -> SEA_GREEN (95%); OLIVE_DRAB + GREEN -> SEA_GREEN (115%); OLIVE_DRAB + MEDIUM_SEA_GREEN -> SEA_GREEN (110%); PLUM + GREEN -> SEA_GREEN (50%); SIENNA + LIGHT_SEA_GREEN -> SEA_GREEN (75%); SKY_BLUE + DARK_GREEN -> SEA_GREEN (70%); SLATE_GRAY + DARK_GREEN -> SEA_GREEN (90%); SLATE_GRAY + GREEN -> SEA_GREEN (90%); SLATE_GRAY + MEDIUM_SEA_GREEN -> SEA_GREEN (95%); SLATE_GRAY + OLIVE_DRAB -> SEA_GREEN (90%); STEEL_BLUE + DARK_GREEN -> SEA_GREEN (75%); STEEL_BLUE + GREEN -> SEA_GREEN (75%); STEEL_BLUE + OLIVE -> SEA_GREEN (75%); STEEL_BLUE + OLIVE_DRAB -> SEA_GREEN (75%); TEAL + DARK_GREEN -> SEA_GREEN (100%); TEAL + DARK_KHAKI -> SEA_GREEN (90%); TEAL + DARK_OLIVE_GREEN -> SEA_GREEN (100%); TEAL + GREEN -> SEA_GREEN (100%); TEAL + MEDIUM_SEA_GREEN -> SEA_GREEN (100%); TEAL + OLIVE -> SEA_GREEN (95%); TEAL + OLIVE_DRAB -> SEA_GREEN (95%); TEAL + PERU -> SEA_GREEN (85%); TEAL + SANDY_BROWN -> SEA_GREEN (80%); THISTLE + DARK_GREEN -> SEA_GREEN (60%)
binnie-botany	2.6.32	binnie-mods-2.6.32.jar	5eb7ec5500ca846944f0e547706eb3735d5fe9996176fca57f97c178a872325b	binnie.botany.genetics.EnumFlowerColor.setupMutations	SIENNA	CHOCOLATE + BROWN -> SIENNA (100%); CORAL + BLACK -> SIENNA (65%); DARK_GOLDENROD + BROWN -> SIENNA (85%); DARK_GOLDENROD + CRIMSON -> SIENNA (85%); DARK_GREEN + CRIMSON -> SIENNA (55%); DARK_OLIVE_GREEN + BROWN -> SIENNA (80%); DARK_ORANGE + BLACK -> SIENNA (60%); DARK_SALMON + BLACK -> SIENNA (65%); DARK_SEA_GREEN + BROWN -> SIENNA (65%); DARK_SLATE_BLUE + DARK_GOLDENROD -> SIENNA (65%); DARK_SLATE_BLUE + DARK_ORANGE -> SIENNA (60%); DARK_SLATE_GRAY + CHOCOLATE -> SIENNA (80%); DARK_SLATE_GRAY + CORAL -> SIENNA (75%); DIM_GRAY + CHOCOLATE -> SIENNA (95%); INDIAN_RED + DARK_OLIVE_GREEN -> SIENNA (80%); MAROON + CHOCOLATE -> SIENNA (95%); MAROON + CORAL -> SIENNA (85%); MAROON + DARK_GOLDENROD -> SIENNA (85%); MAROON + DARK_KHAKI -> SIENNA (65%); MAROON + DARK_ORANGE -> SIENNA (80%); MAROON + DARK_SEA_GREEN -> SIENNA (55%); MAROON + GOLDENROD -> SIENNA (70%); MEDIUM_SEA_GREEN + CRIMSON -> SIENNA (50%); OLIVE + BROWN -> SIENNA (80%); OLIVE + CRIMSON -> SIENNA (75%); OLIVE + MAROON -> SIENNA (80%); OLIVE_DRAB + BROWN -> SIENNA (70%); OLIVE_DRAB + CRIMSON -> SIENNA (65%); OLIVE_DRAB + MAROON -> SIENNA (70%); PALE_VIOLET_RED + DARK_OLIVE_GREEN -> SIENNA (70%); PERU + BROWN -> SIENNA (95%); PERU + MAROON -> SIENNA (90%); RED + GREEN -> SIENNA (50%); RED + LIGHT_SEA_GREEN -> SIENNA (60%); RED + MEDIUM_SEA_GREEN -> SIENNA (55%); RED + OLIVE -> SIENNA (75%); RED + OLIVE_DRAB -> SIENNA (65%); SANDY_BROWN + BLACK -> SIENNA (60%); SANDY_BROWN + MAROON -> SIENNA (75%); SEA_GREEN + RED -> SIENNA (60%); SLATE_GRAY + CHOCOLATE -> SIENNA (90%); TAN + MAROON -> SIENNA (70%)
binnie-botany	2.6.32	binnie-mods-2.6.32.jar	5eb7ec5500ca846944f0e547706eb3735d5fe9996176fca57f97c178a872325b	binnie.botany.genetics.EnumFlowerColor.setupMutations	SKY_BLUE	DEEP_SKY_BLUE + CADET_BLUE -> SKY_BLUE (105%); DEEP_SKY_BLUE + CYAN -> SKY_BLUE (105%); DEEP_SKY_BLUE + DARK_GRAY -> SKY_BLUE (105%); DEEP_SKY_BLUE + DARK_TURQUOISE -> SKY_BLUE (110%); DODGER_BLUE + AQUAMARINE -> SKY_BLUE (80%); HOT_PINK + CYAN -> SKY_BLUE (55%); KHAKI + DODGER_BLUE -> SKY_BLUE (60%); LAVENDER + CADET_BLUE -> SKY_BLUE (95%); LAVENDER + DEEP_SKY_BLUE -> SKY_BLUE (95%); LEMON_CHIFFON + DODGER_BLUE -> SKY_BLUE (70%); LIGHT_GRAY + CADET_BLUE -> SKY_BLUE (100%); LIGHT_GRAY + DEEP_SKY_BLUE -> SKY_BLUE (100%); LIGHT_SEA_GREEN + DEEP_SKY_BLUE -> SKY_BLUE (105%); LIGHT_STEEL_BLUE + CADET_BLUE -> SKY_BLUE (105%); LIGHT_STEEL_BLUE + DARK_TURQUOISE -> SKY_BLUE (105%); LIGHT_STEEL_BLUE + DEEP_SKY_BLUE -> SKY_BLUE (110%); MEDIUM_PURPLE + AQUAMARINE -> SKY_BLUE (75%); MISTY_ROSE + DEEP_SKY_BLUE -> SKY_BLUE (90%); PALE_TURQUOISE + DARK_GRAY -> SKY_BLUE (105%); PALE_TURQUOISE + DEEP_SKY_BLUE -> SKY_BLUE (105%); PALE_TURQUOISE + LAVENDER -> SKY_BLUE (105%); PALE_TURQUOISE + LIGHT_GRAY -> SKY_BLUE (110%); PALE_TURQUOISE + LIGHT_STEEL_BLUE -> SKY_BLUE (110%); PALE_VIOLET_RED + CYAN -> SKY_BLUE (50%); PINK + DARK_TURQUOISE -> SKY_BLUE (65%); PINK + DEEP_SKY_BLUE -> SKY_BLUE (80%); PLUM + AQUAMARINE -> SKY_BLUE (80%); PLUM + CYAN -> SKY_BLUE (75%); PLUM + DARK_TURQUOISE -> SKY_BLUE (80%); PLUM + LIGHT_SEA_GREEN -> SKY_BLUE (80%); ROSY_BROWN + DEEP_SKY_BLUE -> SKY_BLUE (85%); SLATE_GRAY + PALE_TURQUOISE -> SKY_BLUE (95%); STEEL_BLUE + LEMON_CHIFFON -> SKY_BLUE (75%); STEEL_BLUE + PALE_TURQUOISE -> SKY_BLUE (90%); THISTLE + DARK_TURQUOISE -> SKY_BLUE (85%); THISTLE + DEEP_SKY_BLUE -> SKY_BLUE (85%); TURQUOISE + PLUM -> SKY_BLUE (80%); WHEAT + DEEP_SKY_BLUE -> SKY_BLUE (80%); WHEAT + DODGER_BLUE -> SKY_BLUE (75%); WHITE + DEEP_SKY_BLUE -> SKY_BLUE (95%); WHITE + DODGER_BLUE -> SKY_BLUE (85%)
binnie-botany	2.6.32	binnie-mods-2.6.32.jar	5eb7ec5500ca846944f0e547706eb3735d5fe9996176fca57f97c178a872325b	binnie.botany.genetics.EnumFlowerColor.setupMutations	SLATE_BLUE	CADET_BLUE + BLUE -> SLATE_BLUE (85%); DARK_GRAY + BLUE -> SLATE_BLUE (75%); DARK_SALMON + BLUE -> SLATE_BLUE (70%); DARK_VIOLET + CADET_BLUE -> SLATE_BLUE (90%); DEEP_SKY_BLUE + CRIMSON -> SLATE_BLUE (60%); DODGER_BLUE + BLUE -> SLATE_BLUE (90%); DODGER_BLUE + BROWN -> SLATE_BLUE (75%); DODGER_BLUE + CRIMSON -> SLATE_BLUE (75%); DODGER_BLUE + DARK_VIOLET -> SLATE_BLUE (90%); DODGER_BLUE + DEEP_PINK -> SLATE_BLUE (80%); INDIGO + DARK_GRAY -> SLATE_BLUE (70%); INDIGO + DODGER_BLUE -> SLATE_BLUE (80%); LIGHT_SEA_GREEN + DARK_VIOLET -> SLATE_BLUE (75%); LIGHT_STEEL_BLUE + INDIGO -> SLATE_BLUE (65%); MAGENTA + DODGER_BLUE -> SLATE_BLUE (85%); MEDIUM_AQUAMARINE + DARK_VIOLET -> SLATE_BLUE (70%); MEDIUM_AQUAMARINE + INDIGO -> SLATE_BLUE (55%); MEDIUM_ORCHID + DARK_SLATE_BLUE -> SLATE_BLUE (100%); MEDIUM_PURPLE + BLUE -> SLATE_BLUE (100%); MEDIUM_PURPLE + DARK_SLATE_BLUE -> SLATE_BLUE (105%); MEDIUM_PURPLE + DARK_SLATE_GRAY -> SLATE_BLUE (95%); MEDIUM_PURPLE + DARK_VIOLET -> SLATE_BLUE (110%); MEDIUM_PURPLE + DIM_GRAY -> SLATE_BLUE (100%); MEDIUM_PURPLE + MEDIUM_ORCHID -> SLATE_BLUE (115%); MEDIUM_SEA_GREEN + DARK_VIOLET -> SLATE_BLUE (65%); MEDIUM_VIOLET_RED + DEEP_SKY_BLUE -> SLATE_BLUE (60%); MEDIUM_VIOLET_RED + DODGER_BLUE -> SLATE_BLUE (80%); MEDIUM_VIOLET_RED + LIGHT_SEA_GREEN -> SLATE_BLUE (65%); NAVY + LIGHT_GRAY -> SLATE_BLUE (50%); NAVY + LIGHT_STEEL_BLUE -> SLATE_BLUE (60%); PINK + BLUE -> SLATE_BLUE (70%); PINK + NAVY -> SLATE_BLUE (50%); PLUM + BLUE -> SLATE_BLUE (80%); PLUM + NAVY -> SLATE_BLUE (65%); PURPLE + DODGER_BLUE -> SLATE_BLUE (80%); PURPLE + MEDIUM_AQUAMARINE -> SLATE_BLUE (60%); ROSY_BROWN + BLUE -> SLATE_BLUE (80%); ROYAL_BLUE + BLUE -> SLATE_BLUE (105%); ROYAL_BLUE + DARK_SLATE_BLUE -> SLATE_BLUE (110%); ROYAL_BLUE + DARK_SLATE_GRAY -> SLATE_BLUE (95%); ROYAL_BLUE + DIM_GRAY -> SLATE_BLUE (100%); ROYAL_BLUE + MEDIUM_ORCHID -> SLATE_BLUE (105%); ROYAL_BLUE + MEDIUM_PURPLE -> SLATE_BLUE (115%); SANDY_BROWN + BLUE -> SLATE_BLUE (55%); SKY_BLUE + INDIGO -> SLATE_BLUE (60%); SLATE_GRAY + DARK_SLATE_BLUE -> SLATE_BLUE (105%); SLATE_GRAY + DARK_VIOLET -> SLATE_BLUE (105%); SLATE_GRAY + MEDIUM_PURPLE -> SLATE_BLUE (115%); STEEL_BLUE + BLUE -> SLATE_BLUE (100%); STEEL_BLUE + DARK_VIOLET -> SLATE_BLUE (95%); TAN + BLUE -> SLATE_BLUE (60%); THISTLE + BLUE -> SLATE_BLUE (75%); THISTLE + NAVY -> SLATE_BLUE (55%); VIOLET + BLUE -> SLATE_BLUE (85%)
binnie-botany	2.6.32	binnie-mods-2.6.32.jar	5eb7ec5500ca846944f0e547706eb3735d5fe9996176fca57f97c178a872325b	binnie.botany.genetics.EnumFlowerColor.setupMutations	SLATE_GRAY	CYAN + CRIMSON -> SLATE_GRAY (50%); DARK_SLATE_BLUE + DARK_SEA_GREEN -> SLATE_GRAY (65%); DARK_TURQUOISE + CRIMSON -> SLATE_GRAY (55%); DIM_GRAY + CADET_BLUE -> SLATE_GRAY (100%); DODGER_BLUE + CHOCOLATE -> SLATE_GRAY (75%); DODGER_BLUE + DARK_SALMON -> SLATE_GRAY (80%); GRAY + CADET_BLUE -> SLATE_GRAY (105%); GRAY + DARK_GRAY -> SLATE_GRAY (115%); GRAY + DIM_GRAY -> SLATE_GRAY (120%); LIGHT_STEEL_BLUE + DARK_SLATE_GRAY -> SLATE_GRAY (80%); LIGHT_STEEL_BLUE + DIM_GRAY -> SLATE_GRAY (95%); MEDIUM_AQUAMARINE + DARK_SLATE_BLUE -> SLATE_GRAY (65%); MEDIUM_PURPLE + CADET_BLUE -> SLATE_GRAY (95%); MEDIUM_PURPLE + DARK_SEA_GREEN -> SLATE_GRAY (80%); MEDIUM_SEA_GREEN + MEDIUM_ORCHID -> SLATE_GRAY (75%); MEDIUM_SEA_GREEN + MEDIUM_PURPLE -> SLATE_GRAY (75%); PALE_VIOLET_RED + LIGHT_SEA_GREEN -> SLATE_GRAY (65%); PERU + DODGER_BLUE -> SLATE_GRAY (75%); ROYAL_BLUE + DARK_KHAKI -> SLATE_GRAY (60%); ROYAL_BLUE + OLIVE_DRAB -> SLATE_GRAY (65%); SALMON + DEEP_SKY_BLUE -> SLATE_GRAY (70%); SANDY_BROWN + DODGER_BLUE -> SLATE_GRAY (75%); SEA_GREEN + MEDIUM_PURPLE -> SLATE_GRAY (80%); SEA_GREEN + PLUM -> SLATE_GRAY (80%); SIENNA + DODGER_BLUE -> SLATE_GRAY (75%); SLATE_BLUE + DARK_SEA_GREEN -> SLATE_GRAY (75%); STEEL_BLUE + CADET_BLUE -> SLATE_GRAY (105%); STEEL_BLUE + DARK_GRAY -> SLATE_GRAY (105%); STEEL_BLUE + DIM_GRAY -> SLATE_GRAY (105%); STEEL_BLUE + GRAY -> SLATE_GRAY (110%); STEEL_BLUE + ROSY_BROWN -> SLATE_GRAY (95%); TAN + ROYAL_BLUE -> SLATE_GRAY (75%); TEAL + PALE_VIOLET_RED -> SLATE_GRAY (70%); THISTLE + DARK_SLATE_GRAY -> SLATE_GRAY (70%)
binnie-botany	2.6.32	binnie-mods-2.6.32.jar	5eb7ec5500ca846944f0e547706eb3735d5fe9996176fca57f97c178a872325b	binnie.botany.genetics.EnumFlowerColor.setupMutations	SPRING_GREEN	LIME + AQUAMARINE -> SPRING_GREEN (105%); LIME + CYAN -> SPRING_GREEN (90%); LIME + DARK_TURQUOISE -> SPRING_GREEN (90%); LIME + DEEP_SKY_BLUE -> SPRING_GREEN (65%); LIME + LIGHT_GRAY -> SPRING_GREEN (95%); LIME + LIGHT_STEEL_BLUE -> SPRING_GREEN (80%); LIME_GREEN + AQUAMARINE -> SPRING_GREEN (105%); LIME_GREEN + CYAN -> SPRING_GREEN (90%); LIME_GREEN + LIME -> SPRING_GREEN (115%); PALE_GREEN + AQUAMARINE -> SPRING_GREEN (115%); PALE_GREEN + LIME -> SPRING_GREEN (115%); PALE_GREEN + LIME_GREEN -> SPRING_GREEN (115%); PALE_TURQUOISE + LIME -> SPRING_GREEN (95%); SKY_BLUE + LIME -> SPRING_GREEN (80%); TURQUOISE + LIME -> SPRING_GREEN (95%); YELLOW + LIME -> SPRING_GREEN (105%); YELLOW_GREEN + CYAN -> SPRING_GREEN (90%)
binnie-botany	2.6.32	binnie-mods-2.6.32.jar	5eb7ec5500ca846944f0e547706eb3735d5fe9996176fca57f97c178a872325b	binnie.botany.genetics.EnumFlowerColor.setupMutations	STEEL_BLUE	BLUE + AQUAMARINE -> STEEL_BLUE (55%); DARK_TURQUOISE + DARK_SLATE_BLUE -> STEEL_BLUE (70%); DARK_VIOLET + CYAN -> STEEL_BLUE (60%); DEEP_SKY_BLUE + BROWN -> STEEL_BLUE (60%); DEEP_SKY_BLUE + DARK_SLATE_BLUE -> STEEL_BLUE (75%); DEEP_SKY_BLUE + DARK_SLATE_GRAY -> STEEL_BLUE (80%); DIM_GRAY + DEEP_SKY_BLUE -> STEEL_BLUE (90%); DODGER_BLUE + CADET_BLUE -> STEEL_BLUE (100%); DODGER_BLUE + DARK_GRAY -> STEEL_BLUE (100%); DODGER_BLUE + DARK_OLIVE_GREEN -> STEEL_BLUE (70%); DODGER_BLUE + DARK_SLATE_GRAY -> STEEL_BLUE (90%); DODGER_BLUE + DIM_GRAY -> STEEL_BLUE (95%); GRAY + DODGER_BLUE -> STEEL_BLUE (100%); INDIAN_RED + DEEP_SKY_BLUE -> STEEL_BLUE (70%); LIGHT_SEA_GREEN + DARK_SLATE_BLUE -> STEEL_BLUE (75%); LIME_GREEN + BLUE -> STEEL_BLUE (50%); MEDIUM_ORCHID + LIGHT_SEA_GREEN -> STEEL_BLUE (80%); MEDIUM_PURPLE + LIGHT_SEA_GREEN -> STEEL_BLUE (85%); MEDIUM_VIOLET_RED + CYAN -> STEEL_BLUE (45%); NAVY + DARK_TURQUOISE -> STEEL_BLUE (55%); PALE_GREEN + BLUE -> STEEL_BLUE (50%); PALE_TURQUOISE + DARK_SLATE_BLUE -> STEEL_BLUE (65%); PURPLE + CYAN -> STEEL_BLUE (50%); ROSY_BROWN + DODGER_BLUE -> STEEL_BLUE (90%); ROYAL_BLUE + CADET_BLUE -> STEEL_BLUE (95%); ROYAL_BLUE + DARK_GRAY -> STEEL_BLUE (95%); ROYAL_BLUE + DARK_OLIVE_GREEN -> STEEL_BLUE (70%); ROYAL_BLUE + DARK_SEA_GREEN -> STEEL_BLUE (75%); ROYAL_BLUE + DODGER_BLUE -> STEEL_BLUE (110%); ROYAL_BLUE + GRAY -> STEEL_BLUE (100%); ROYAL_BLUE + LIGHT_SEA_GREEN -> STEEL_BLUE (85%); ROYAL_BLUE + MEDIUM_SEA_GREEN -> STEEL_BLUE (75%); SEA_GREEN + DODGER_BLUE -> STEEL_BLUE (80%); SEA_GREEN + ROYAL_BLUE -> STEEL_BLUE (80%); SKY_BLUE + DARK_SLATE_BLUE -> STEEL_BLUE (75%); SLATE_BLUE + CADET_BLUE -> STEEL_BLUE (95%); SLATE_BLUE + LIGHT_SEA_GREEN -> STEEL_BLUE (85%); SLATE_BLUE + MEDIUM_AQUAMARINE -> STEEL_BLUE (75%); SLATE_BLUE + MEDIUM_SEA_GREEN -> STEEL_BLUE (75%); SLATE_BLUE + SEA_GREEN -> STEEL_BLUE (80%); SLATE_GRAY + DEEP_SKY_BLUE -> STEEL_BLUE (105%); SLATE_GRAY + DODGER_BLUE -> STEEL_BLUE (110%); SLATE_GRAY + ROYAL_BLUE -> STEEL_BLUE (115%); SPRING_GREEN + BLUE -> STEEL_BLUE (45%); SPRING_GREEN + DARK_VIOLET -> STEEL_BLUE (55%); TAN + DODGER_BLUE -> STEEL_BLUE (80%); TEAL + DODGER_BLUE -> STEEL_BLUE (95%); TEAL + MEDIUM_PURPLE -> STEEL_BLUE (90%); TEAL + PLUM -> STEEL_BLUE (80%); TEAL + ROYAL_BLUE -> STEEL_BLUE (95%); TEAL + SLATE_BLUE -> STEEL_BLUE (95%); TURQUOISE + DARK_SLATE_BLUE -> STEEL_BLUE (65%); TURQUOISE + NAVY -> STEEL_BLUE (45%)
binnie-botany	2.6.32	binnie-mods-2.6.32.jar	5eb7ec5500ca846944f0e547706eb3735d5fe9996176fca57f97c178a872325b	binnie.botany.genetics.EnumFlowerColor.setupMutations	TAN	DARK_KHAKI + DARK_GRAY -> TAN (105%); DARK_SALMON + DARK_KHAKI -> TAN (95%); DARK_SEA_GREEN + CORAL -> TAN (80%); DARK_SEA_GREEN + DARK_SALMON -> TAN (85%); KHAKI + DARK_SALMON -> TAN (95%); LAVENDER + DARK_GOLDENROD -> TAN (85%); LAVENDER + GOLDENROD -> TAN (85%); LEMON_CHIFFON + DARK_SALMON -> TAN (95%); LIGHT_GRAY + DARK_GOLDENROD -> TAN (95%); LIGHT_STEEL_BLUE + DARK_ORANGE -> TAN (85%); MEDIUM_AQUAMARINE + CORAL -> TAN (70%); MEDIUM_PURPLE + GOLD -> TAN (55%); MISTY_ROSE + DARK_GOLDENROD -> TAN (90%); MISTY_ROSE + GOLDENROD -> TAN (95%); ORANGE + LAVENDER -> TAN (85%); ORANGE + LIGHT_STEEL_BLUE -> TAN (85%); PALE_TURQUOISE + CHOCOLATE -> TAN (75%); PALE_TURQUOISE + CORAL -> TAN (80%); PERU + DARK_GRAY -> TAN (100%); PERU + LAVENDER -> TAN (90%); PERU + LEMON_CHIFFON -> TAN (95%); PERU + LIGHT_GRAY -> TAN (95%); PERU + LIGHT_STEEL_BLUE -> TAN (90%); PERU + MISTY_ROSE -> TAN (95%); PINK + DARK_KHAKI -> TAN (90%); PINK + DARK_OLIVE_GREEN -> TAN (70%); PINK + DARK_SEA_GREEN -> TAN (80%); PINK + OLIVE -> TAN (75%); PLUM + GOLD -> TAN (65%); PLUM + OLIVE -> TAN (65%); PLUM + OLIVE_DRAB -> TAN (60%); ROSY_BROWN + DARK_KHAKI -> TAN (95%); ROSY_BROWN + KHAKI -> TAN (90%); ROSY_BROWN + LEMON_CHIFFON -> TAN (90%); SALMON + DARK_SEA_GREEN -> TAN (75%); SALMON + MEDIUM_AQUAMARINE -> TAN (70%); SANDY_BROWN + CADET_BLUE -> TAN (85%); SANDY_BROWN + DARK_GRAY -> TAN (100%); SANDY_BROWN + DARK_KHAKI -> TAN (105%); SANDY_BROWN + KHAKI -> TAN (100%); SANDY_BROWN + LAVENDER -> TAN (95%); SANDY_BROWN + LIGHT_GRAY -> TAN (100%); SANDY_BROWN + LIGHT_STEEL_BLUE -> TAN (90%); SANDY_BROWN + MISTY_ROSE -> TAN (105%); SIENNA + KHAKI -> TAN (80%); SIENNA + LEMON_CHIFFON -> TAN (75%); SKY_BLUE + CHOCOLATE -> TAN (75%); SKY_BLUE + DARK_ORANGE -> TAN (80%); SLATE_BLUE + GOLD -> TAN (50%); SLATE_GRAY + SANDY_BROWN -> TAN (90%); THISTLE + DARK_GOLDENROD -> TAN (85%); THISTLE + DARK_KHAKI -> TAN (85%); THISTLE + GOLDENROD -> TAN (85%); WHEAT + DARK_GRAY -> TAN (105%); WHEAT + DARK_SALMON -> TAN (105%); WHEAT + DIM_GRAY -> TAN (85%); WHEAT + GRAY -> TAN (95%); WHEAT + MISTY_ROSE -> TAN (110%); WHEAT + PERU -> TAN (100%); WHEAT + ROSY_BROWN -> TAN (100%); WHEAT + SANDY_BROWN -> TAN (110%); WHITE + CHOCOLATE -> TAN (85%); WHITE + DARK_GOLDENROD -> TAN (85%); WHITE + PERU -> TAN (90%); YELLOW_GREEN + HOT_PINK -> TAN (45%); YELLOW_GREEN + PALE_VIOLET_RED -> TAN (60%)
binnie-botany	2.6.32	binnie-mods-2.6.32.jar	5eb7ec5500ca846944f0e547706eb3735d5fe9996176fca57f97c178a872325b	binnie.botany.genetics.EnumFlowerColor.setupMutations	TEAL	DARK_SLATE_GRAY + CADET_BLUE -> TEAL (95%); DARK_TURQUOISE + BLACK -> TEAL (55%); DARK_TURQUOISE + BROWN -> TEAL (60%); DARK_TURQUOISE + DARK_SLATE_GRAY -> TEAL (80%); DEEP_SKY_BLUE + DARK_GREEN -> TEAL (65%); DODGER_BLUE + DARK_GREEN -> TEAL (65%); GREEN + DODGER_BLUE -> TEAL (65%); LIGHT_SEA_GREEN + DARK_SLATE_GRAY -> TEAL (90%); LIGHT_SEA_GREEN + DIM_GRAY -> TEAL (95%); MEDIUM_AQUAMARINE + DARK_SLATE_GRAY -> TEAL (80%); MEDIUM_PURPLE + GREEN -> TEAL (70%); MEDIUM_SEA_GREEN + DARK_SLATE_BLUE -> TEAL (70%); NAVY + GREEN -> TEAL (60%); OLIVE + DODGER_BLUE -> TEAL (60%); ROYAL_BLUE + GREEN -> TEAL (65%); SEA_GREEN + DIM_GRAY -> TEAL (100%); SLATE_BLUE + GREEN -> TEAL (70%); SLATE_GRAY + SEA_GREEN -> TEAL (100%); SPRING_GREEN + PURPLE -> TEAL (50%); STEEL_BLUE + DARK_OLIVE_GREEN -> TEAL (80%); STEEL_BLUE + SEA_GREEN -> TEAL (90%); TURQUOISE + BLACK -> TEAL (50%)
binnie-botany	2.6.32	binnie-mods-2.6.32.jar	5eb7ec5500ca846944f0e547706eb3735d5fe9996176fca57f97c178a872325b	binnie.botany.genetics.EnumFlowerColor.setupMutations	THISTLE	HOT_PINK + AQUAMARINE -> THISTLE (50%); MEDIUM_AQUAMARINE + HOT_PINK -> THISTLE (55%); MEDIUM_PURPLE + KHAKI -> THISTLE (60%); MEDIUM_PURPLE + LEMON_CHIFFON -> THISTLE (65%); PALE_VIOLET_RED + LAVENDER -> THISTLE (95%); PALE_VIOLET_RED + PALE_TURQUOISE -> THISTLE (80%); PINK + DARK_GRAY -> THISTLE (105%); PINK + LAVENDER -> THISTLE (105%); PINK + LIGHT_STEEL_BLUE -> THISTLE (100%); PINK + MISTY_ROSE -> THISTLE (115%); PLUM + DARK_GRAY -> THISTLE (105%); PLUM + LAVENDER -> THISTLE (105%); PLUM + LIGHT_GRAY -> THISTLE (100%); PLUM + LIGHT_STEEL_BLUE -> THISTLE (105%); PLUM + MISTY_ROSE -> THISTLE (105%); PLUM + PINK -> THISTLE (110%); ROSY_BROWN + LAVENDER -> THISTLE (100%); ROSY_BROWN + LIGHT_STEEL_BLUE -> THISTLE (100%); ROSY_BROWN + PINK -> THISTLE (110%); ROSY_BROWN + PLUM -> THISTLE (105%); SKY_BLUE + PALE_VIOLET_RED -> THISTLE (75%); SLATE_BLUE + LEMON_CHIFFON -> THISTLE (60%); VIOLET + DARK_SEA_GREEN -> THISTLE (60%); VIOLET + MEDIUM_AQUAMARINE -> THISTLE (80%); VIOLET + PALE_TURQUOISE -> THISTLE (90%); WHEAT + MEDIUM_PURPLE -> THISTLE (75%); WHITE + MEDIUM_PURPLE -> THISTLE (85%); WHITE + PLUM -> THISTLE (100%)
binnie-botany	2.6.32	binnie-mods-2.6.32.jar	5eb7ec5500ca846944f0e547706eb3735d5fe9996176fca57f97c178a872325b	binnie.botany.genetics.EnumFlowerColor.setupMutations	TURQUOISE	CYAN + AQUAMARINE -> TURQUOISE (115%); DARK_SEA_GREEN + CYAN -> TURQUOISE (100%); DARK_TURQUOISE + AQUAMARINE -> TURQUOISE (110%); DARK_TURQUOISE + CYAN -> TURQUOISE (115%); KHAKI + DEEP_SKY_BLUE -> TURQUOISE (75%); LEMON_CHIFFON + DARK_TURQUOISE -> TURQUOISE (95%); LIGHT_GRAY + CYAN -> TURQUOISE (100%); LIGHT_GRAY + DARK_TURQUOISE -> TURQUOISE (100%); LIGHT_SEA_GREEN + AQUAMARINE -> TURQUOISE (105%); LIGHT_SEA_GREEN + DARK_TURQUOISE -> TURQUOISE (120%); MEDIUM_AQUAMARINE + AQUAMARINE -> TURQUOISE (115%); MEDIUM_AQUAMARINE + CYAN -> TURQUOISE (110%); MEDIUM_AQUAMARINE + DARK_TURQUOISE -> TURQUOISE (115%); MEDIUM_AQUAMARINE + LIGHT_SEA_GREEN -> TURQUOISE (115%); PALE_GREEN + DEEP_SKY_BLUE -> TURQUOISE (75%); PALE_TURQUOISE + AQUAMARINE -> TURQUOISE (110%); PALE_TURQUOISE + CYAN -> TURQUOISE (115%); PALE_TURQUOISE + DARK_TURQUOISE -> TURQUOISE (115%); PALE_TURQUOISE + MEDIUM_AQUAMARINE -> TURQUOISE (110%); SKY_BLUE + AQUAMARINE -> TURQUOISE (100%); SKY_BLUE + DARK_TURQUOISE -> TURQUOISE (115%); SPRING_GREEN + DEEP_SKY_BLUE -> TURQUOISE (75%); TAN + CYAN -> TURQUOISE (90%); WHEAT + CYAN -> TURQUOISE (90%)
binnie-botany	2.6.32	binnie-mods-2.6.32.jar	5eb7ec5500ca846944f0e547706eb3735d5fe9996176fca57f97c178a872325b	binnie.botany.genetics.EnumFlowerColor.setupMutations	VIOLET	DARK_ORANGE + BLUE -> VIOLET (55%); LEMON_CHIFFON + DARK_VIOLET -> VIOLET (50%); MAGENTA + AQUAMARINE -> VIOLET (70%); MAGENTA + HOT_PINK -> VIOLET (110%); MAGENTA + LAVENDER -> VIOLET (90%); MAGENTA + LEMON_CHIFFON -> VIOLET (60%); MAGENTA + LIGHT_GRAY -> VIOLET (90%); MEDIUM_ORCHID + HOT_PINK -> VIOLET (110%); MEDIUM_VIOLET_RED + LAVENDER -> VIOLET (80%); MISTY_ROSE + DARK_VIOLET -> VIOLET (70%); MISTY_ROSE + MAGENTA -> VIOLET (85%); PALE_TURQUOISE + MAGENTA -> VIOLET (85%); PINK + MAGENTA -> VIOLET (95%); PLUM + HOT_PINK -> VIOLET (115%); PLUM + MAGENTA -> VIOLET (105%); PLUM + MEDIUM_ORCHID -> VIOLET (105%); PLUM + MEDIUM_PURPLE -> VIOLET (105%); THISTLE + MAGENTA -> VIOLET (95%); WHEAT + MAGENTA -> VIOLET (70%); WHITE + DARK_VIOLET -> VIOLET (70%); WHITE + MAGENTA -> VIOLET (85%)
binnie-botany	2.6.32	binnie-mods-2.6.32.jar	5eb7ec5500ca846944f0e547706eb3735d5fe9996176fca57f97c178a872325b	binnie.botany.genetics.EnumFlowerColor.setupMutations	WHEAT	KHAKI + DARK_KHAKI -> WHEAT (115%); LAVENDER + DARK_KHAKI -> WHEAT (90%); LEMON_CHIFFON + KHAKI -> WHEAT (115%); LIGHT_GRAY + DARK_KHAKI -> WHEAT (105%); LIGHT_GRAY + LEMON_CHIFFON -> WHEAT (110%); MISTY_ROSE + DARK_KHAKI -> WHEAT (100%); MISTY_ROSE + KHAKI -> WHEAT (100%); MISTY_ROSE + LEMON_CHIFFON -> WHEAT (105%); PINK + KHAKI -> WHEAT (90%); SANDY_BROWN + LEMON_CHIFFON -> WHEAT (100%); SANDY_BROWN + PALE_TURQUOISE -> WHEAT (85%); TAN + DARK_KHAKI -> WHEAT (115%); TAN + KHAKI -> WHEAT (110%); TAN + LEMON_CHIFFON -> WHEAT (110%); TAN + LIGHT_GRAY -> WHEAT (110%); TAN + MISTY_ROSE -> WHEAT (110%); THISTLE + KHAKI -> WHEAT (85%); WHITE + GOLDENROD -> WHEAT (95%); WHITE + LEMON_CHIFFON -> WHEAT (110%); WHITE + ORANGE -> WHEAT (95%); WHITE + SANDY_BROWN -> WHEAT (95%); WHITE + TAN -> WHEAT (105%)
binnie-botany	2.6.32	binnie-mods-2.6.32.jar	5eb7ec5500ca846944f0e547706eb3735d5fe9996176fca57f97c178a872325b	binnie.botany.genetics.EnumFlowerColor.setupMutations	YELLOW	KHAKI + GOLD -> YELLOW (115%); YELLOW_GREEN + GOLD -> YELLOW (105%)
binnie-botany	2.6.32	binnie-mods-2.6.32.jar	5eb7ec5500ca846944f0e547706eb3735d5fe9996176fca57f97c178a872325b	binnie.botany.genetics.EnumFlowerColor.setupMutations	YELLOW_GREEN	DARK_SEA_GREEN + DARK_KHAKI -> YELLOW_GREEN (110%); GOLD + AQUAMARINE -> YELLOW_GREEN (90%); GOLDENROD + AQUAMARINE -> YELLOW_GREEN (85%); GREEN + GOLD -> YELLOW_GREEN (80%); KHAKI + GREEN -> YELLOW_GREEN (85%); LIGHT_SEA_GREEN + GOLD -> YELLOW_GREEN (85%); LIME + CHOCOLATE -> YELLOW_GREEN (60%); LIME + CORAL -> YELLOW_GREEN (55%); LIME + DARK_ORANGE -> YELLOW_GREEN (65%); LIME + GOLD -> YELLOW_GREEN (95%); LIME_GREEN + DARK_KHAKI -> YELLOW_GREEN (105%); LIME_GREEN + DARK_ORANGE -> YELLOW_GREEN (70%); LIME_GREEN + DARK_SALMON -> YELLOW_GREEN (70%); LIME_GREEN + GOLD -> YELLOW_GREEN (95%); LIME_GREEN + GOLDENROD -> YELLOW_GREEN (90%); LIME_GREEN + KHAKI -> YELLOW_GREEN (100%); MEDIUM_AQUAMARINE + GOLD -> YELLOW_GREEN (90%); MEDIUM_SEA_GREEN + GOLD -> YELLOW_GREEN (90%); MEDIUM_SEA_GREEN + GOLDENROD -> YELLOW_GREEN (90%); ORANGE + AQUAMARINE -> YELLOW_GREEN (80%); ORANGE + LIME -> YELLOW_GREEN (75%); ORANGE + LIME_GREEN -> YELLOW_GREEN (80%); PALE_GREEN + DARK_GOLDENROD -> YELLOW_GREEN (85%); PALE_GREEN + DARK_KHAKI -> YELLOW_GREEN (105%); PALE_GREEN + GOLD -> YELLOW_GREEN (95%); PALE_GREEN + GOLDENROD -> YELLOW_GREEN (90%); PALE_GREEN + KHAKI -> YELLOW_GREEN (105%); PALE_GREEN + OLIVE -> YELLOW_GREEN (90%); SALMON + LIME -> YELLOW_GREEN (50%); SANDY_BROWN + LIME -> YELLOW_GREEN (75%); SANDY_BROWN + LIME_GREEN -> YELLOW_GREEN (80%); SEA_GREEN + GOLD -> YELLOW_GREEN (85%); SPRING_GREEN + DARK_ORANGE -> YELLOW_GREEN (65%); SPRING_GREEN + ORANGE -> YELLOW_GREEN (75%); TAN + LIME_GREEN -> YELLOW_GREEN (95%); TURQUOISE + GOLD -> YELLOW_GREEN (85%); TURQUOISE + ORANGE -> YELLOW_GREEN (80%); WHEAT + LIME_GREEN -> YELLOW_GREEN (95%); YELLOW + CADET_BLUE -> YELLOW_GREEN (80%); YELLOW + DARK_GREEN -> YELLOW_GREEN (70%); YELLOW + DARK_OLIVE_GREEN -> YELLOW_GREEN (80%); YELLOW + DARK_SEA_GREEN -> YELLOW_GREEN (95%); YELLOW + GREEN -> YELLOW_GREEN (80%); YELLOW + LIGHT_SEA_GREEN -> YELLOW_GREEN (80%); YELLOW + LIME_GREEN -> YELLOW_GREEN (100%); YELLOW + MEDIUM_AQUAMARINE -> YELLOW_GREEN (90%); YELLOW + MEDIUM_SEA_GREEN -> YELLOW_GREEN (90%); YELLOW + OLIVE_DRAB -> YELLOW_GREEN (90%); YELLOW + PALE_GREEN -> YELLOW_GREEN (105%); YELLOW + SEA_GREEN -> YELLOW_GREEN (85%); YELLOW + SKY_BLUE -> YELLOW_GREEN (75%); YELLOW + STEEL_BLUE -> YELLOW_GREEN (55%); YELLOW + TEAL -> YELLOW_GREEN (70%)
